Store_ID,门店名称,品牌,城市,商圈,业态,经度,纬度,是否子店,门店状态,开店日期,门店地址
SUZW10-1,轻遇三明治（苏州中心B1店）,Wagas,苏州市,吴中区,Shopping Mall,120.6778175374179,31.318285311942446,是,已开业,2026-07-15,江苏省苏州市工业园区苏州中心5幢B1层（A)B1-56A号
SuZW9-1,轻遇三明治（苏州狮山龙湖店）,Wagas,苏州市,虎丘区,Shopping Mall,120.555436,31.29365,是,已开业,2026-07-15,江苏省苏州市虎丘区塔园路181号龙湖·苏州狮山天街 SZSSTJ-A-1F-41
CDW22,成都太古里WS,Wagas,成都市,锦江区,Shopping Mall,104.08464138160913,30.654565889251398,否,已开业,2026-07-15,中国成都市锦江区中纱帽街8号(成都太古里)地上一层1116号商铺
GZW13,广州保利香雪时光,Wagas,广州市,黄埔区,Shopping Mall,113.48010682089985,23.175494396894436,否,已开业,2026-06-30,广州市黄埔区汇星路163号一层1025号商铺
BJW81,北京北辰萃,Wagas,北京市,朝阳区,Office/BusinessPark,116.39354021987216,39.99933270562502,否,已开业,2026-06-17,北京市朝阳区天辰东路5号院1号楼1层C05号
SZW25,深圳华强北茂业天地,Wagas,深圳市,福田区,Shopping Mall,114.086339,22.545469,否,已开业,2026-05-31,广东省深圳市福田区华强北路2009号的茂业百货深圳华强店1层F01013B号铺位
BJW80,北京方庄时代LIFE店,Wagas,北京市,丰台区,Shopping Mall,116.4352064008499,39.86554631154621,否,已开业,2026-06-12,北京市丰台区方庄芳星园二区6号楼1F-PW-05
SHW148,上海张江集贤,Wagas,上海市,浦东新区,Office/BusinessPark,121.62733013492891,31.214134363874116,否,已开业,2026-06-30,上海市浦东新区盛夏路565弄一层28-1号
BJPP2,北京快闪2,Wagas,北京市,朝阳区,Street-front,116.51632477567634,39.967792901186236,否,已开业,2026-04-16,北京市朝阳区半截塔路53号（外摆区）
BJPP1,北京快闪1,Wagas,北京市,朝阳区,Street-front,116.5179886196434,39.96829800642103,否,已开业,2026-04-16,北京市朝阳区半截塔路53号
SUZW10,苏州中心B1店,Wagas,苏州市,吴中区,Shopping Mall,120.6778175374179,31.318285311942446,否,已开业,2026-05-09,江苏省苏州市工业园区苏州中心5幢B1层（A)B1-56A号
SZW24,深圳坂田天安云谷,Wagas,深圳市,龙岗区,Office/BusinessPark,114.06910810902626,22.66003003935548,否,已开业,2026-05-15,深圳市龙岗区坂田街道天安云谷产业园一 期3栋2D06/2D07-1单元
BJW78,北京甘家口百货店,Wagas,北京市,海淀区,Shopping Mall,116.33349468934327,39.92737088857658,否,已开业,2026-06-04,北京市海淀区三里河路17号“翠微百货股份甘家口店”一层1-126
GZBS3,广州ICC,Baker & Spice,广州市,天河区,Office/BusinessPark,113.326951,23.141871,否,已开业,2026-05-01,广州市天河区天河北路237、239号广州环贸中心地上第1层裙楼-102A
SHW146,上海夏都小镇,Wagas,上海市,青浦区,Shopping Mall,121.292583,31.171891,否,已开业,2026-04-29,上海市青浦区徐泾镇谢卫路1415弄18号1层、1427号1层商铺
BJBS35,北京颐堤港,Baker & Spice,北京市,朝阳区,Shopping Mall,116.49102111289156,39.96996843747863,否,已开业,2026-05-19,北京市朝阳区酒仙桥路18号北京颐堤港-1层LG35单元
GZW12,广州凯德广场云尚,Wagas,广州市,白云区,Shopping Mall,113.269211,23.180789,否,已开业,2026-03-04,广州市白云区云城西路890号凯德广场云尚1层10B/10C号
SHBS73,上海西岸中环,Baker & Spice,上海市,徐汇区,Shopping Mall,121.468586,31.188373,否,已开业,2026-04-29,上海市徐汇区大木桥路900号地下1层B-B1-05号商铺
BJW77,北京英蓝店,Wagas,北京市,西城区,Office/BusinessPark,116.35775762245053,39.92057539184864,否,已开业,2026-02-26,北京市西城区金融大街7号北京英蓝国际金融中心商场地下一层 B110&B117单元
SHBS72,上海白玉兰广场2店,Baker & Spice,上海市,虹口区,Shopping Mall,121.49822551284406,31.24960943545922,否,已开业,2026-03-27,上海市虹口区东长治路588号上海白玉兰广场商场 L1 楼层14A&14B商铺
BJW76,北京新奥购物中心店,Wagas,北京市,朝阳区,Shopping Mall,116.39420199999995,40.00009900000001,否,已开业,2026-04-30,北京市朝阳区湖景东路[9、11]号[2]幢[-01]层-[101]内[B1-95-1]号
SuZW9,苏州狮山龙湖WA,Wagas,苏州市,虎丘区,Shopping Mall,120.555436,31.29365,否,已开业,2025-11-01,江苏省苏州市虎丘区塔园路181号龙湖·苏州狮山天街 SZSSTJ-A-1F-41
SHW145,上海博荟广场WA,Wagas,上海市,黄浦区,Shopping Mall,121.480125,31.196625,否,已开业,2025-11-01,上海市黄浦区中山南一路788号1层L1-6
NJBS5-1,轻遇三明治（南京金陵中环BS）,Baker & Spice,南京市,秦淮区,Shopping Mall,118.78352900000004,32.039585,是,已开业,2025-11-10,南京市王府大街29号、中山南路18号的金陵中环广场西区B1层A-B1-15号
BJW75,北京国瑞城2店,Wagas,北京市,东城区,Shopping Mall,116.420022,39.898247,否,已开业,2025-11-26,北京市东城区崇文门外大街18号1幢地上一层F1-32
SHW143,上海港汇恒隆广场2店,Wagas,上海市,徐汇区,Shopping Mall,121.43711600000006,31.195079000000025,否,已开业,2026-01-30,上海市徐汇区虹桥路1号上海港汇恒隆广场商场 601B/C/D/E 号铺位
SUZBS6-1,轻遇三明治（苏州永旺店）,Baker & Spice,苏州市,吴中区,Shopping Mall,120.75715,31.322931,是,已开业,2026-07-15,苏州市工业园区钟南街238号1F191-1
SUZW7-1,轻遇三明治（苏州星合广场店）,Wagas,苏州市,吴中区,Shopping Mall,120.714139,31.322916,是,已开业,2026-07-15,苏州市工业园区华池街88号晋合广场2幢，105-3/105-5号商铺
SUZW6-1,轻遇三明治（苏州苏悦广场店）,Wagas,苏州市,吴中区,Shopping Mall,120.668963,31.315084,是,已开业,2026-07-15,苏州工业园区苏州大道西119号苏悦商贸广场南区楼商场S1层S1-12单元
SUZW5-1,轻遇三明治（苏州大悦城店）,Wagas,苏州市,相城区,Shopping Mall,120.608114,31.400542,是,已开业,2026-07-15,苏州市相城区元和街道御窑路1999号L1-02号商铺
SUZBS2-1,轻遇三明治（苏州中心2期店）,Baker & Spice,苏州市,吴中区,Shopping Mall,120.679211,31.314704,是,已开业,2026-07-15,苏州市苏州中心广场2幢L1层(C)01-01号
SUZBS3-1,轻遇三明治（苏州仓街店）,Baker & Spice,苏州市,姑苏区,Shopping Mall,120.639517,31.311674,是,已开业,2026-07-15,江苏省苏州市姑苏区仓街1号仓街商业广场项目4号楼第G层161号商铺
HZW19,杭州城西银泰WA,Wagas,杭州市,拱墅区,Shopping Mall,120.10777499999995,30.30004999999999,否,已开业,2025-08-01,杭州拱墅区380号城西银泰城1FL1002室
SHW122-1,轻遇三明治（上海叠纸店）,Wagas,上海市,杨浦区,Office/BusinessPark,121.508604,31.309937,是,已开业,2025-07-28,上海市杨浦区淞沪路635号1F 105、106室
BJBS18-1,轻遇三明治（北京朝阳大悦城BS）,Baker & Spice,北京市,朝阳区,Shopping Mall,116.520197,39.924214,是,已开业,2025-07-28,北京市朝阳区朝阳北路99号楼1层01号G133-135
BJBS10-1,轻遇三明治（北京祥云小镇Shine Hill）,Baker & Spice,北京市,顺义区,Shopping Mall,116.536518,40.088741,是,已开业,2025-07-28,北京市顺义区安泰大街9号院中粮祥云小镇0310-101
BJBS15-1,轻遇三明治（北京赛特奥莱）,Baker & Spice,北京市,朝阳区,Shopping Mall,116.505042,40.034317,是,已开业,2025-07-28,北京市朝阳区香江北路28号一层1-007号
BJBS21-1,轻遇三明治（北京王府中环店1）,Baker & Spice,北京市,东城区,Shopping Mall,116.408436,39.912316,是,已开业,2025-07-28,北京市东城区王府井大街269号院1号楼B1层-132b号商铺
BJW50-1,轻遇三明治（北京丽泽华联）,Wagas,北京市,丰台区,Shopping Mall,116.305282,39.867674,是,已开业,2025-07-28,北京市丰台区丰台北路丽泽天地F1-28号
BJW20-1,轻遇三明治（北京西单君太店）,Wagas,北京市,西城区,Shopping Mall,116.373542,39.90958,是,已开业,2025-07-28,北京市西城区西单北大街133号太运大厦F2，A-11号店铺
BJW51-1,轻遇三明治（北京亦庄华联）,Wagas,北京市,大兴区,Shopping Mall,116.501956,39.805262,是,已开业,2025-07-28,北京市经济技术开发区荣华中路北京华联亦庄购物中心 F1-16
BJW55-1,轻遇三明治（北京北苑龙湖店）,Wagas,北京市,朝阳区,Shopping Mall,116.438573,40.042849,是,已开业,2025-07-28,北京市朝阳区北苑东路19号院9号楼-3至6层101内1层A馆-1F-20
BJW53-1,轻遇三明治（北京回龙观龙街）,Wagas,北京市,昌平区,Shopping Mall,116.370725,40.085095,是,已开业,2025-07-28,北京市昌平区龙锦三街乙42号院1号楼一层1025号
SHW90-1,轻遇三明治（上海中环百联）,Wagas,上海市,浦东新区,Shopping Mall,121.384555,31.245376,是,已开业,2025-07-28,上海市普陀区真光路1288号百联中环购物广场1层G08-1F-1-B1F084室
BJW54-1,轻遇三明治（北京西三旗店）,Wagas,北京市,海淀区,Shopping Mall,116.365473,40.060112,是,已开业,2025-07-28,北京市海淀区西三旗建材城东路33号院1号楼L120
SHW110-1,轻遇三明治（上海宝山龙湖）,Wagas,上海市,宝山区,Shopping Mall,121.361814,31.359228,是,已开业,2025-07-28,上海市宝山区丹霞山路50弄1号宝山天街SHBCTJ-A-1F-02号房屋
SHW83-1,轻遇三明治（上海莘庄龙之梦）,Wagas,上海市,闵行区,Shopping Mall,121.378995,31.108066,是,已开业,2025-07-28,上海市沪闵路6088号凯德龙之梦闵行01层28号
SHW129-1,轻遇三明治（上海漫趣邻舍）,Wagas,上海市,黄浦区,Street-front,121.491084,31.199915,是,已开业,2025-07-28,西藏南路1699弄璟湾公寓项目1 幢 25 号 107 室、1 幢 1653 号 1 层
SHW125-1,轻遇三明治（上海嘉亭荟）,Wagas,上海市,嘉定区,Shopping Mall,121.161552,31.287737,是,已开业,2025-07-28,上海市嘉定区墨玉南路 909 号，编号为 1122、1123-2、1124 室
SHW121-1,轻遇三明治（上海世博绿谷）,Wagas,上海市,浦东新区,Office/BusinessPark,121.496316,31.187274,是,已开业,2025-07-04,上海市浦东新区众冠路101号C栋一楼A03B1-1102房屋
SHW85-1,轻遇三明治（上海松江漕河泾园区）,Wagas,上海市,松江区,Office/BusinessPark,121.316711,31.094993,是,已开业,2025-07-04,上海市松江区新桥镇莘砖公路518号园区
SHW86-1,轻遇三明治（上海田林华鑫）,Wagas,上海市,徐汇区,Office/BusinessPark,121.409911,31.169388,是,已开业,2025-07-04,上海市徐汇区田林路142号D1栋 1楼 103室
SHW92-1,轻遇三明治（上海徐汇万科中心）,Wagas,上海市,徐汇区,Office/BusinessPark,121.434018,31.158319,是,已开业,2025-07-04,上海市徐汇区定安路55号徐汇万科中心一期一层T2-102A
SHW54-1,轻遇三明治（上海虹桥龙湖天街店）,Wagas,上海市,闵行区,Shopping Mall,121.313706,31.193149,是,已开业,2025-07-04,上海闵行区申长路869号1层02（A-1F-02）单元
SHW84-1,轻遇三明治（上海凌空soho）,Wagas,上海市,长宁区,Office/BusinessPark,121.352725,31.2219,是,已开业,2025-07-04,上海市长宁区金钟路968号天会商务广场6号楼103B楼
SHW98-1,轻遇三明治（上海源深路）,Wagas,上海市,浦东新区,Office/BusinessPark,121.532604,31.236073,是,已开业,2025-07-04,上海市浦东新区源深路355号、商城路1418号102-1B单元
HZW17-1,轻遇三明治（杭州西溪印象城）,Wagas,杭州市,余杭区,Shopping Mall,120.050338,30.247492,是,已开业,2025-07-04,浙江省杭州市余杭区常街道五常大道1号P1-01-15号
HZW15-1,轻遇三明治（杭州中大银泰）,Wagas,杭州市,拱墅区,Shopping Mall,120.175275,30.327187,是,已开业,2025-07-04,杭州市下城区东新路822号石祥路138号商业广场L1层1024号
HZW14-1,轻遇三明治（杭州萧山万象汇）,Wagas,杭州市,萧山区,Shopping Mall,120.268878,30.181811,是,已开业,2025-07-04,浙江省杭州市萧山区北干街道金城路927号杭州萧山万象汇L171号
HZW5-1,轻遇三明治（杭州阿里巴巴店）,Wagas,杭州市,余杭区,Shopping Mall,120.030174,30.281413,是,已开业,2025-07-04,杭州市余杭区文一西路961号亲橙里6号楼1层6-16室
HZW7-1,轻遇三明治（杭州远洋乐堤港店）,Wagas,杭州市,拱墅区,Shopping Mall,120.142121,30.304675,是,已开业,2025-07-04,杭州市拱墅区丽水路远洋乐堤港A区一层A176-A178 
HZW8-1,轻遇三明治（杭州龙湖西溪天街店）,Wagas,杭州市,西湖区,Shopping Mall,120.068893,30.291607,是,已开业,2025-07-04,杭州市西湖区蒋村街道余杭塘路1001号西溪天街A幢1楼24号
HZW3-1,轻遇三明治（杭州来福士）,Wagas,杭州市,上城区,Shopping Mall,120.21395,30.248754,是,已开业,2025-07-04,杭州市江干区新业路228号杭州来福士中心L1层29b&30号
HZW13-1,轻遇三明治（杭州欧美金融城）,Wagas,杭州市,余杭区,Shopping Mall,120.001544,30.280125,是,已开业,2025-07-04,浙江省杭州市余杭区文一西路与水城北路交汇处东北欧美金融城84号楼1层C103、C102号商铺
HZW6-1,轻遇三明治（杭州黄龙万科店）,Wagas,杭州市,西湖区,Shopping Mall,120.127994,30.275409,是,已开业,2025-07-04,杭州市西湖区学院路77号黄龙国际中心商场一层101号单元 
HZW18-1,轻遇三明治（杭州奥体印象城）,Wagas,杭州市,萧山区,Shopping Mall,120.255112,30.233759,是,已开业,2025-07-04,浙江省杭州市萧山区钱江世纪城金鸡路与扬帆路交叉口第MA栋第L1层的第L1-23;L1-K09号
HZW10-1,轻遇三明治（杭州滨江银泰）,Wagas,杭州市,滨江区,Shopping Mall,120.221591,30.200919,是,已开业,2025-07-04,浙江省杭州市滨江区滨和路598号1号楼A-132
BJW3-1,轻遇三明治（北京来福士）,Wagas,北京市,东城区,Shopping Mall,116.432465,39.940189,是,已开业,2025-07-04,北京市东城区东直门南大街1号01-10室来福士1层
BJW63-1,轻遇三明治（北京汉威）,Wagas,北京市,丰台区,Office/BusinessPark,116.295591,39.825605,是,已开业,2025-07-04,北京市丰台区南四环西路186号汉威广场二区9号楼1层02-03号
BJW59-1,轻遇三明治（北京长安商场）,Wagas,北京市,西城区,Shopping Mall,116.345175,39.907942,是,已开业,2025-07-04,北京市西城区复兴门外大街15号1幢F1-124
BJW56-1,轻遇三明治（北京望京万象汇）,Wagas,北京市,朝阳区,Shopping Mall,116.46903,40.010789,是,已开业,2025-07-04,北京市朝阳区广顺北大街16号院3号楼望京华彩商业中心 一 层A108-1/A108号
BJW52-1,轻遇三明治（北京新光大）,Wagas,北京市,通州区,Shopping Mall,116.660438,39.916338,是,已开业,2025-07-04,北京市通州区滨惠北一街新光大中心IV-02号1层106室
BJW48-1,轻遇三明治（北京元中心）,Wagas,北京市,海淀区,Office/BusinessPark,116.316124,40.049812,是,已开业,2025-07-04,北京市海淀区西二旗中路29号中关村移动智能服务创新园6号楼 一层101室
BJW45-1,轻遇三明治（北京信创园）,Wagas,北京市,大兴区,Office/BusinessPark,116.578646,39.786533,是,已开业,2025-07-04,北京经济技术开发区科谷一街8号院3号楼一层102-2
BJW16-1,轻遇三明治（北京十里堡万科时代店）,Wagas,北京市,朝阳区,Shopping Mall,116.503465,39.914858,是,已开业,2025-07-04,北京市朝阳区十里堡甲3号院1号楼1层40-42室
BJW42-1,轻遇三明治（北京丽泽平安）,Wagas,北京市,丰台区,Office/BusinessPark,116.326736,39.866474,是,已开业,2025-07-04,北京市丰台区金泽西路2号院1号楼A1-05/A1-06/A1-07
BJW11-1,轻遇三明治（北京环球贸易中心店）,Wagas,北京市,东城区,Office/BusinessPark,116.410418,39.966483,是,已开业,2025-07-04,北京市东城区北三环东路36号3号楼1层09单元
BJW9-1,轻遇三明治（北京中粮广场）,Wagas,北京市,东城区,Office/BusinessPark,116.429919,39.907286,是,已开业,2025-07-04,北京市东城区建国门内大街8号北京中粮广场C座G133-135
SHBS56-1,轻遇三明治（上海EKA天物空间）,Baker & Spice,上海市,浦东新区,Street-front,121.576824,31.263337,是,已开业,2025-07-04,上海市浦东新区金桥路 527-535 号内 13 幢第 470-1F 101、102、103、109、110、111 单元
SHBS55-1,轻遇三明治（七宝领展广场）,Baker & Spice,上海市,闵行区,Shopping Mall,121.349967,31.155145,是,已开业,2025-07-04,上海市闵行区漕宝路3366号1层L109D室
SHBS53-1,轻遇三明治（上海青浦奥莱）,Baker & Spice,上海市,青浦区,Shopping Mall,121.227853,31.155272,是,已开业,2025-07-04,上海市沪青平公路2888号A5-102室
SHBS49-1,轻遇三明治（上海蟠龙天地BS）,Baker & Spice,上海市,青浦区,Shopping Mall,121.275338,31.189874,是,已开业,2025-07-04,上海市青浦区蟠龙路蟠龙天地BS117
SHBS43-1,轻遇三明治（上海近铁城市广场）,Baker & Spice,上海市,普陀区,Shopping Mall,121.382152,31.232998,是,已开业,2025-07-04,上海市普陀区真北路818号近铁城市广场北区一楼N-F1-20商铺
SHBS40-1,轻遇三明治（上海西岸凤巢）,Baker & Spice,上海市,徐汇区,Shopping Mall,121.459416,31.163958,是,已开业,2025-07-04,上海市徐汇区云锦路683 号1层第01-019号商铺
SHBS41-1,轻遇三明治（上海大宁久光）,Baker & Spice,上海市,静安区,Shopping Mall,121.45068,31.276104,是,已开业,2025-07-04,上海市静安区共和新路 2188 号B1 层 MB136-2、MB136-3 室
SHBS38-1,轻遇三明治（上海漕河泾印象城）,Baker & Spice,上海市,徐汇区,Shopping Mall,121.399595,31.1618,是,已开业,2025-07-04,上海市徐汇区古美路1520号L1层07+08号
SHBS15-1,轻遇三明治（上海凯德晶萃店）,Baker & Spice,上海市,徐汇区,Shopping Mall,121.477303,31.210246,是,已开业,2025-07-04,上海市黄浦区徐家汇路268号1-20号
SHBS11-1,轻遇三明治（上海仲盛世界商城）,Baker & Spice,上海市,闵行区,Shopping Mall,121.387162,31.107032,是,已开业,2025-07-04,上海市闵行区都市路5001号仲盛世界商城地上1层110A单元
SHBS46-1,轻遇三明治（上海万科天空之城）,Baker & Spice,上海市,青浦区,Shopping Mall,121.25364,31.177012,是,已开业,2025-07-04,上海市青浦区崧泽大道2229弄66号L1-66/67室
BJBS19-1,轻遇三明治（北京京西大悦城）,Baker & Spice,北京市,石景山区,Shopping Mall,116.18292,39.925402,是,已开业,2025-07-04,北京市石景山区阜石路173号院1号楼B1-34 号
BJBS23-1,轻遇三明治（北京西北旺）,Baker & Spice,北京市,海淀区,Shopping Mall,116.258663,40.049442,是,已开业,2025-07-04,北京市海淀区德政路16号院西北旺万象汇1层L132号
BJBS22-1,轻遇三明治（北京长楹天街）,Baker & Spice,北京市,朝阳区,Shopping Mall,116.601166,39.924947,是,已开业,2025-07-04,北京市朝阳区常通路2号院1号楼B栋-1F-36、37号
BJBS20-1,轻遇三明治（北京北辰荟）,Baker & Spice,北京市,朝阳区,Shopping Mall,116.380682,40.004263,是,已开业,2025-07-04,北京市朝阳区北辰西路6号院1号楼一层L118-1
BJBS14-1,轻遇三明治（北京望京凯德）,Baker & Spice,北京市,朝阳区,Shopping Mall,116.468473,39.992972,是,已开业,2025-07-04,北京市朝阳区广顺北大街33号院215号楼1层38/39号
BJBS12-1,轻遇三明治（北京金地店）,Baker & Spice,北京市,朝阳区,Shopping Mall,116.474464,39.90913,是,已开业,2025-07-04,北京市朝阳区建国路91号金地广场B座一层L108-109
BJBS11-1,轻遇三明治（北京悠唐）,Baker & Spice,北京市,朝阳区,Shopping Mall,116.438126,39.921127,是,已开业,2025-07-04,北京市朝阳区三丰北里2号悠唐购物中心1层 F1-001A/F1-036A/F2-052
SHW142,上海虹桥国际机场T2 WA,Wagas,上海市,闵行区,Transportation center,121.32942800000001,31.196422999999996,否,已开业,2025-11-17,上海市申达一路1号虹桥机场2号航站楼出发禁区北侧D40-10区域
NJBS5,南京金陵中环BS,Baker & Spice,南京市,秦淮区,Shopping Mall,118.781761,32.040788,否,已开业,2025-07-30,南京市王府大街29号、中山南路18号的金陵中环广场西区B1层A-B1-15号
SHW141,上海徐家汇中心,Wagas,上海市,徐汇区,Shopping Mall,121.43441099999995,31.194223,否,已开业,2025-10-11,上海市徐汇区虹桥路99号上海徐家汇中心商场四层(L4)408 室
SHW47-1,轻遇三明治（上海静安大融城店）,Wagas,上海市,静安区,Shopping Mall,121.427181,31.279841,是,已开业,2025-06-03,上海市静安区沪太路1111弄1号楼静安大融城购物中心一层L101-1商铺
SHW35-1,轻遇三明治（上海江苏路）,Wagas,上海市,长宁区,Office/BusinessPark,121.431033,31.218545,是,已开业,2025-06-03,上海市长宁区江苏路458号舜元大厦106单元
SHW66-1,轻遇三明治（上海活力城店）,Wagas,上海市,浦东新区,Shopping Mall,121.565222,31.155887,是,已开业,2025-06-03,上海市浦东新区北蔡镇沪南路2229号L1层41-02室
SHW71-1,轻遇三明治（上海Plus乐坊店）,Wagas,上海市,浦东新区,Shopping Mall,121.562907,31.207315,是,已开业,2025-06-03,上海市浦东新区芳甸路1372号大唐国际广场1-05号商铺
SHW7-1,轻遇三明治（上海浦东大拇指广场）,Wagas,上海市,浦东新区,Shopping Mall,121.559683,31.22698,是,已开业,2025-06-03,上海市浦东新区芳甸路199弄证大大拇指广场31号
SHW80-1,轻遇三明治（上海陆家嘴投资大厦店）,Wagas,上海市,浦东新区,Office/BusinessPark,121.530296,31.221898,是,已开业,2025-06-03,上海市浦东新区浦电路366号第一层103A和103B
SHW89-1,轻遇三明治（上海东方广场）,Wagas,上海市,浦东新区,Office/BusinessPark,121.483233,31.150895,是,已开业,2025-06-03,上海市浦东新区东育路636号1层
SHW81-1,轻遇三明治（上海前滩企业天地店）,Wagas,上海市,浦东新区,Office/BusinessPark,121.481397,31.157716,是,已开业,2025-06-03,上海自由贸易试验区东育路255弄2号1层101单元
SHW87-1,轻遇三明治（上海旭辉环创中心）,Wagas,上海市,杨浦区,Shopping Mall,121.542435,31.278426,是,已开业,2025-06-03,杨浦区周家嘴路3680号环创中心1楼24-25室
SHW18-1,轻遇三明治（上海缤谷广场）,Wagas,上海市,长宁区,Shopping Mall,121.386636,31.214457,是,已开业,2025-06-03,上海市长宁区天山路341号缤谷广场西座105室
SHW106-1,轻遇三明治（上海虹桥国际商务花园）,Wagas,上海市,长宁区,Office/BusinessPark,121.351851,31.231416,是,已开业,2025-06-03,上海市长宁区临虹路168弄南区102-3室
SHW102-1,轻遇三明治（上海长阳创谷）,Wagas,上海市,杨浦区,Office/BusinessPark,121.535256,31.270787,是,已开业,2025-06-03,上海市杨浦区长阳路1687号西1120幢104室
BJW17-1,轻遇三明治（北京枫蓝国际店）,Wagas,北京市,海淀区,Shopping Mall,116.356606,39.95293,是,已开业,2025-06-03,北京海淀枫蓝国际一层101-1至5号商铺
BJW40-1,轻遇三明治（北京万柳店）,Wagas,北京市,朝阳区,Shopping Mall,116.295152,39.973738,是,已开业,2025-06-03,北京市海淀区巴沟路2号1幢万柳华联一层F1-42
BJW24-1,轻遇三明治（北京东方广场店）,Wagas,北京市,东城区,Shopping Mall,116.414504,39.909417,是,已开业,2025-06-03,北京市东长安街1号东方广场东方新天地PW2(16-17)号店铺
SHW140,上海高岛屋,Wagas,上海市,长宁区,Shopping Mall,121.4031,31.197355999999996,否,已开业,2025-07-04,上海市长宁区虹桥路1438号1幢一（1）层01-01号
SHW101-1,轻遇三明治（上海宝山新业坊店),Wagas,上海市,宝山区,Office/BusinessPark,121.483807,31.318069,是,已开业,2025-05-07,上海市宝山区逸仙路1328号6号楼108A室
SHW57-1,轻遇三明治（上海大宁音乐广场店),Wagas,上海市,静安区,Office/BusinessPark,121.444115,31.280301,是,已开业,2025-05-13,上海市静安区万荣路777号大宁音乐广场A座102室
BJW34-1,轻遇三明治（北京新中关店WA店),Wagas,北京市,海淀区,Shopping Mall,116.315261,39.978311,是,已开业,2025-05-07,北京市海淀区中关村大街19号新中关大厦一层L120
BJW62-1,轻遇三明治（北京城乡购物中心店),Wagas,北京市,海淀区,Shopping Mall,116.305593,39.90993,是,已开业,2025-05-07,北京市海淀区复兴路甲23号
BJW41-1,轻遇三明治（北京新世界店),Wagas,北京市,朝阳区,Shopping Mall,116.47201,39.909504,是,已开业,2025-05-07,北京市朝阳区建国路93号北京新世界彩旋百货有限公司1层L01F117
SHLK8-1,轻遇三明治（上海瑞虹太阳宫店),Lokal,上海市,虹口区,Shopping Mall,121.499992,31.262497,是,已开业,2025-05-07,上海市虹口区瑞虹路181号L1-14单元
SHW51-1,轻遇三明治（上海品尊国际店),Wagas,上海市,普陀区,Office/BusinessPark,121.419838,31.256919,是,已开业,2025-05-07,上海市普陀区铜川路58弄23、24号A区一层商铺 
SHW93-1,轻遇三明治（上海维璟印象城店),Wagas,上海市,闵行区,Shopping Mall,121.36331,31.131455,是,已开业,2025-05-07,上海市闵行区七莘路1507号1层01-024-X1号商铺
BJW43-1,轻遇三明治（北京尚东数字谷店),Wagas,北京市,海淀区,Office/BusinessPark,116.289105,40.043084,是,已开业,2025-05-07,北京市海淀区东北旺西路8号42号楼地下一层104号
SHW11-1,轻遇三明治（上海96广场店),Wagas,上海市,浦东新区,Shopping Mall,121.524414,31.226926,是,已开业,2025-05-07,上海市浦东新区东方路796号96广场171单元
BJW60-1,轻遇三明治（北京世界城店),Wagas,北京市,朝阳区,Shopping Mall,116.452306,39.917689,是,已开业,2025-05-07,  北京市朝阳区金汇路8-9号中骏世界城W127号
BJW25-1,轻遇三明治（北京五道口购物中心店),Wagas,北京市,海淀区,Shopping Mall,116.339083,39.992028,是,已开业,2025-05-07,北京市海淀区成府路28号邦泰优盛大厦1层101室09号
BJW30-1,轻遇三明治（北京新辰里酒仙桥店),Wagas,北京市,朝阳区,Shopping Mall,116.490623,39.9759,是,已开业,2025-05-07,北京市朝阳区酒仙桥路12号一层F1-005
BJW26-1,轻遇三明治（北京新辰里店),Wagas,北京市,朝阳区,Shopping Mall,116.406582,39.991636,是,已开业,2025-05-07,北京市朝阳区北辰东路8号院新辰里购物中心1层
BJW22-1,轻遇三明治（北京西客站食宝街店),Wagas,北京市,海淀区,Shopping Mall,116.322104,39.898469,是,已开业,2025-05-07,北京市海淀区羊坊路18号F1-078/079号店铺
BJW15-1,轻遇三明治（北京大族广场店),Wagas,北京市,大兴区,Office/BusinessPark,116.512985,39.792843,是,已开业,2025-05-07,北京市北京经济技术开发区荣华南路2号院9号楼1层F1-30、F1-31号
SHBS7-1,轻遇三明治（上海丰尚国际生活中心）,Baker & Spice,上海市,闵行区,Shopping Mall,121.282655,31.20319,是,已开业,2025-05-07,上海市闵行区运乐路571号175室
BJBS34,北京凤凰汇BS,Baker & Spice,北京市,朝阳区,Shopping Mall,116.45767699999999,39.96342599999999,否,已开业,2025-08-12,北京市朝阳区曙光西里甲5号院北京凤凰汇L120a
BJBS32,北京崇文门摩方,Baker & Spice,北京市,东城区,Shopping Mall,116.41998000000001,39.89822900000001,否,已开业,2025-06-28,北京市东城区崇文门外大街1号北京魔方1层L109
BJBS33,北京中海大吉巷店,Baker & Spice,北京市,西城区,Shopping Mall,116.37593,39.887582,否,已开业,2025-05-25,北京市西城区骡马市大街264号FS1层FS16
SHW82-1,轻遇三明治（上海汇智店）,Wagas,上海市,浦东新区,Shopping Mall,121.601674,31.203332,是,已开业,2025-03-21,上海市浦东新区金科路3057号欧尚1栋1层 646-1001
SHW48-1,轻遇三明治（上海复兴路店）,Wagas,上海市,黄浦区,Street-front,121.482913,31.219473,是,已开业,2025-03-21,上海黄浦区西藏南路569号102-A室
BJW38-1,轻遇三明治（北京远洋未来汇店）,Wagas,北京市,朝阳区,Shopping Mall,116.491323,39.915973,是,已开业,2025-03-21,北京市朝阳区慈云寺北里209号远洋未来汇CF1-05 
BJW27-1,轻遇三明治（北京暖山店）,Wagas,北京市,朝阳区,Shopping Mall,116.415396,40.032284,是,已开业,2025-03-21,北京市朝阳区红军营南路36号院1号楼1楼02室
BJW19-1,轻遇三明治（北京玖安广场店）,Wagas,北京市,朝阳区,Shopping Mall,116.40877,39.952283,是,已开业,2025-03-21,北京朝阳安定门外大街208号玖安广场1F-04商铺
BJW49-1,轻遇三明治（北京金辉店）,Wagas,北京市,朝阳区,Office/BusinessPark,116.488818,40.002907,是,已开业,2025-03-21,北京市朝阳区望京东园四区6号楼01-B1-09-1号
BJW5-1,轻遇三明治（北京富力广场店）,Wagas,北京市,朝阳区,Shopping Mall,116.460657,39.896119,是,已开业,2025-03-21,北京市朝阳区东三环中路63号富力中心1层A102内
BJW28-1,轻遇三明治（北京国旅店）,Wagas,北京市,西城区,Shopping Mall,116.358631,39.90861,是,已开业,2025-03-19,北京市西城区复兴门内大街99号国旅长安大厦第一层101
NJW2,南京金鹰新街口店,Wagas,南京市,秦淮区,Shopping Mall,118.779653,32.041484,否,已开业,2017-08-03,南京市汉中路89号金鹰国际购物中心B座1层B1-010商铺
CDBS4,成都悠方,Baker & Spice,成都市,武侯区,Shopping Mall,104.05502000000001,30.583199000000008,否,已开业,2025-03-16,成都市武侯区交子大道300号L1层130号商铺
SHBS71,上海环贸广场,Baker & Spice,上海市,徐汇区,Shopping Mall,121.45814500000006,31.215615999999983,否,已开业,2025-04-18,上海市徐汇区淮海中路999 号上海环贸广场五层（L5)518室
BJW74,北京华堂新辰汇,Wagas,北京市,朝阳区,Shopping Mall,116.42045000000007,39.98811799999999,否,已开业,2025-04-29,北京市朝阳区北四环东路 108号院华堂新辰汇一层004号
BJW73,北京大兴机场,Wagas,北京市,大兴区,Transportation center,116.41843200,39.51199300,否,已开业,2025-05-24,北京市大兴区大兴国际机场国内混流核心区S-BL02-007/S-BL02-008
BJBS31,北京双安商场店,Baker & Spice,北京市,海淀区,Shopping Mall,116.32623405587992,39.966098581442004,否,已开业,2025-06-14,北京市海淀区北三环西路38号F1-B12
BJBS30,北京安贞环宇荟店,Baker & Spice,北京市,朝阳区,Shopping Mall,116.40649999999994,39.977840000000015,否,已开业,2025-01-26,北京市朝阳区安定路5号院6号楼L1层L101-1；L101-2单元
SHW139,上海金虹桥,Wagas,上海市,长宁区,Shopping Mall,121.40214924348993,31.20950535149398,否,已开业,2025-06-09,上海市长宁区茅台路179号金虹桥国际中心商场L1楼层L109商铺
BJW72,北京天虹,Wagas,北京市,西城区,Shopping Mall,116.34130000000005,39.88878700000002,否,已开业,2025-02-28,北京市西城区广安门外大街168号北京天虹百货1层116号
BJBS29,北京英皇,Baker & Spice,北京市,朝阳区,Office/BusinessPark,116.44471300000009,39.90776099999999,否,已开业,2025-01-10,北京市朝阳区建外大街丁12号英皇集团中心一层111号
BJW71,北京弯里中心店,Wagas,北京市,朝阳区,Street-front,116.500825,39.867125,否,已开业,2025-01-25,北京市朝阳区金蝉北路金蝉欢乐园2号院甲1号楼N1-F1-03A、N1-F1-03B
GZW11,广州天河城,Wagas,广州市,天河区,Shopping Mall,113.322907,23.13235,否,已开业,2024-12-25,广州市天河区天河路208号天河城购物中心二层202-1号商铺
BJLK4,北京祥云小镇,Lokal,北京市,顺义区,Shopping Mall,116.535747,40.089541,否,已开业,2025-01-05,北京市顺义区安泰大街9号院北京祥云小镇0308-101-a号商铺
TJW4,天津南开大悦城,Wagas,天津市,南开区,Shopping Mall,117.18005100000005,39.13507900000001,否,已开业,2024-12-12,天津市南开区南门外大街2号天津大悦城购物中心北区 1F-55号商铺
XIAW2,西安曲江创意谷店,Wagas,西安市,雁塔区,Shopping Mall,109.01204099999995,34.21235500000001,否,已开业,2024-12-19,西安市曲江新区雁翔路3369号曲江创意谷LG-61号
BJW70,北京太阳宫凯德店,Wagas,北京市,朝阳区,Shopping Mall,116.44809899999996,39.971402000000005,否,已开业,2024-12-10,北京市朝阳区太阳宫中路12号凯德MALL• 太阳宫”01层13A/14号
SHW138,上海森兰商都,Wagas,上海市,浦东新区,Shopping Mall,121.59175899999991,31.311848000000015,否,已开业,2024-12-10,上海浦东新区启帆路628号森兰商都1楼101-2部位
SHBS70,上海古北璟辰公寓,Baker & Spice,上海市,长宁区,Street-front,121.404453,31.192619,否,已开业,2024-12-24,上海市长宁区伊犁南路288弄璟辰公寓7幢7号楼1层7_1_1 室101
SZW23,深圳坂田万科广场,Wagas,深圳市,龙岗区,Shopping Mall,114.069757,22.628231,否,已开业,2024-09-30,广东省深圳市龙岗区坂田街道东坡路3号坂田万科广场  (项目)G层S-26、G层C-27号
SHBS69,上海百联南方,Baker & Spice,上海市,闵行区,Shopping Mall,121.40038700000002,31.131948000000015,否,已开业,2024-12-31,上海市沪闵路7388号、7250号‍F01‍层G04-01F01-01-0053‍ 室
BJBS28,北京首开通州万象汇,Baker & Spice,北京市,通州区,Shopping Mall,116.73389900000006,39.90393999999999,否,已开业,2024-09-20,北京市通州区运河东大街 51 号 L131a
BJW69,北京佳程广场,Wagas,北京市,朝阳区,Office/BusinessPark,116.45805600000006,39.95683700000002,否,已开业,2025-01-23,北京市朝阳区霞光里18号佳程广场A座1层102
SUZBS6,苏州永旺,Baker & Spice,苏州市,吴中区,Shopping Mall,120.75715,31.322931,否,已开业,2024-12-23,苏州市工业园区钟南街238号1F191-1
NBLK1,宁波K11-LK,Lokal,宁波市,鄞州区,Shopping Mall,121.56223711633993,29.867460756523002,否,已开业,2024-10-01,浙江省宁波市豫源街19号1F层C109号铺位
SHW136,上海太阳宫2,Wagas,上海市,虹口区,Shopping Mall,121.50033200000007,31.26309599999999,否,已开业,2024-09-27,上海市虹口区瑞虹路181号5层 520、K39室
BJW68,北京八达岭奥特莱斯,Wagas,北京市,昌平区,Shopping Mall,116.170375,40.235125,否,已开业,2024-09-13,北京市昌平区南口路1号院八达岭奥莱C1区1号楼1层116号
SHLK19,上海荟聚,Lokal,上海市,长宁区,Shopping Mall,121.36133365536,31.220336748129,否,已开业,2024-10-01,上海市长宁区金钟路 788 号上海荟聚中心L4层04C04号
BJBS27,北京印象城,Baker & Spice,北京市,海淀区,Shopping Mall,116.30288648827002,39.912251527408,否,已开业,2024-08-31,北京市海淀区翠微路12号海淀印象城第MA栋L1层01-27号
SHBS68,上海世博天地,Baker & Spice,上海市,浦东新区,Shopping Mall,121.488401,31.184365,否,已开业,2024-12-27,中国（上海）自由贸易试验区世博大道1515号办公B一层L137
BJW67,北京凯德晶品,Wagas,北京市,海淀区,Shopping Mall,116.29704100000004,39.908376000000004,否,已开业,2024-09-21,在北京市海淀区复兴路51号1幢凯德晶品购物中 心01层19/20号
SHW135,上海绿地外滩中心,Wagas,上海市,黄浦区,Shopping Mall,121.50478799999996,31.213126000000013,否,已开业,2024-09-06,"上海市黄浦区中山南路800弄3/4号绿地外滩中心1层L104b,L104c"
SHW134,上海芮欧,Wagas,上海市,静安区,Shopping Mall,121.44742099999996,31.223092000000005,否,已开业,2024-09-21,上海市静安区南京西路1601号越洋广场商场B102室
BJLK3,北京朝阳大悦城,Lokal,北京市,朝阳区,Shopping Mall,116.51855699999999,39.924361000000005,否,已开业,2024-08-31,北京市朝阳区朝阳北路101号楼朝阳大悦城购物中心【1F-31】号商铺
BJW66,北京官舍北区,Wagas,北京市,朝阳区,Shopping Mall,116.46353699999997,39.950845000000015,否,已开业,2024-10-29,北京朝阳区东方东路19号1号楼官舍2号商铺
SUZW6,苏州苏悦广场,Wagas,苏州市,苏州工业园区,Shopping Mall,120.668963,31.315084,否,已开业,2021-10-24,苏州工业园区苏州大道西119号苏悦商贸广场南区楼商场S1层S1-12单元
TJW2,天津国金汇,Wagas,天津市,和平区,Shopping Mall,117.19736599999999,39.119277,否,已开业,2024-08-27,天津市和平区南京路108号国金汇商场1 层 L1-02号
SHBS67,上海浦建巴黎春天,Baker & Spice,上海市,浦东新区,Shopping Mall,121.51950533384002,31.20881693306703,否,已开业,2024-08-27,上海市浦东新区浦建路118号地上一层#9号商铺
SHBS66,上海闵行龙湖,Baker & Spice,上海市,闵行区,Shopping Mall,121.414988,31.025898999999995,否,已开业,2024-12-25,上海市闵行区剑川路1000弄上海闵行天街A-1F-50
XIAW1,西安万象城,Wagas,西安市,雁塔区,Shopping Mall,108.949461,34.195795,否,已开业,2024-12-06,西安市雁塔区长安南路与雁展路交汇处西安万象城B203+B204
CDW20,成都仁和新城,Wagas,成都市,武侯区,Shopping Mall,104.05233500000008,30.58756,否,已开业,2024-07-30,成都市武侯区府城大道西段505号
BJLK2,北京西单大悦城,Lokal,北京市,西城区,Shopping Mall,116.37244,39.91134,否,已开业,2024-08-31,北京市西城区西单北大街131号6F-C07号
BJW65,北京石景山万达店,Wagas,北京市,石景山区,Shopping Mall,116.225456,39.906315,否,已开业,2024-07-04,"北京市石景山区石景山路乙18号院北京石景山万达广场【1F】层【118,119】号商铺"
TJW3,天津梅江龙湖,Wagas,天津市,西青区,Shopping Mall,117.208424,39.064381,否,已开业,2024-08-30,天津市西青区李七庄街道梅江道龙湖天津梅江天街1F-01a
SHJN1,上海漕河泾三期,JUNi,上海市,闵行区,Office/BusinessPark,121.38529,31.16614,否,已开业,2024-05-29,合川路2570号2幢105A室
ZHBS2,珠海环宇城,Baker & Spice,珠海市,香洲区,Shopping Mall,113.524953,22.233736,否,已开业,2024-05-07,珠海市香洲区前河北路96号珠海环宇城L1-141B/L1-142A铺
BJBS25,北京龙湖蓝海,Baker & Spice,北京市,朝阳区,Office/BusinessPark,116.43873,40.02605,否,已开业,2024-05-31,北京市朝阳区来广营乡北苑小街8号6号楼一层001室
BJBS26,北京凯德MALL西直门,Baker & Spice,北京市,西城区,Shopping Mall,116.35217,39.94195,否,已开业,2024-06-07,北京市西城区西直门外大街1号1层22A号
BJBS24,北京望京保利,Baker & Spice,北京市,朝阳区,Office/BusinessPark,116.46641,40.01695,否,已开业,2024-06-17,北京市朝阳 区香宾路66号保利广场项目L1-24号
CDW19,成都世豪,Wagas,成都市,武侯区,Shopping Mall,104.045461,30.55073,否,已开业,2024-05-01,成都市高新区剑南大道 998 号1层C111b
SHFK9,上海兴业太古汇FK,Funk & Kale,上海市,静安区,Shopping Mall,121.463234,31.228771,否,已开业,2024-03-21,上海市静安区石门一路288号兴业太古汇商场第LG161号单元
SHW132,上海凯德星贸,Wagas,上海市,静安区,Shopping Mall,121.45795,31.24116,否,已开业,2024-05-13,上海市静安区恒通路318号1层01/02A号
HZW18,杭州奥体印象城,Wagas,杭州市,萧山区,Shopping Mall,120.25244,30.22321,否,已开业,2024-04-02,浙江省杭州市萧山区钱江世纪城金鸡路与扬帆路交叉口第MA栋第L1层的第L1-23;L1-K09号
NBW5,宁波来福士1,Wagas,宁波市,江北区,Shopping Mall,121.557557,29.88251,否,已开业,2024-02-01,宁波市江北区大庆南路99号宁波来福士广场01-10/11
SHW37,上海虹桥国际机场 T1店1,Wagas,上海市,长宁区,Transportation center,121.345974,31.195359,否,已开业,2023-03-26,上海虹桥国际机场T1航站楼 5米层国际出发禁区 1-110
GZW10,广州YY欢聚大厦店,Wagas,广州市,海珠区,Office/BusinessPark,113.345557,23.104524,否,已开业,2024-02-26,海珠区美居北街欢聚大厦24号101铺
BJBS23,北京西北旺,Baker & Spice,北京市,海淀区,Shopping Mall,116.258663,40.049442,否,已开业,2024-05-31,北京市海淀区德政路16号院西北旺万象汇1层L132号
SHW129,上海漫趣邻舍,Wagas,上海市,黄浦区,Street-front,121.491084,31.199915,否,已开业,2024-01-30,西藏南路1699弄璟湾公寓项目1 幢 25 号 107 室、1 幢 1653 号 1 层
SHBS65,上海长风大悦城BS,Baker & Spice,上海市,普陀区,Shopping Mall,121.39561,31.222296,否,已开业,2023-12-19,上海市普陀区大渡河路196号111-04/110室
SHW130,上海新达汇,Wagas,上海市,浦东新区,Shopping Mall,121.525532,31.142219,否,已开业,2024-01-27,上海市浦东新区永泰路1058弄1-26号 110-1-2号商铺
BJW63,北京汉威,Wagas,北京市,丰台区,Office/BusinessPark,116.295591,39.825605,否,已开业,2024-01-11,北京市丰台区南四环西路186号汉威广场二区9号楼1层02-03号
BJLK1,北京太古里LK,Lokal,北京市,朝阳区,Shopping Mall,116.454322,39.934809,否,已开业,2024-02-02,北京市朝阳区三里屯路19号三里屯太古里3楼S8-33  
SHW128,上海张江科技园区,Wagas,上海市,浦东新区,Office/BusinessPark,121.605593,31.177606,否,已开业,2023-12-29,上海浦东新区环科路 555 弄科贤园 4 号楼 104 室
CDW16,成都天府大悦城,Wagas,成都市,双流区,Shopping Mall,104.088919,30.4333,否,已开业,2023-12-30,天府新区天府大悦城购物中心L1-A-25
NJW15,南京河西万达,Wagas,南京市,建邺区,Shopping Mall,118.735809,32.03272,否,已开业,2024-01-14,江苏省南京市建邺区 98 号1F层153
NJW16,南京新城市,Wagas,南京市,鼓楼区,Shopping Mall,118.741181,32.057762,否,已开业,2024-01-14,南京市草场门大街99号第一层A103
SHW126,徐家汇中心一期,Wagas,上海市,徐汇区,Shopping Mall,121.437508,31.198032,否,已开业,2024-01-26,上海市徐汇区华山路 1901 号徐家汇威亿广场地下一层(LG1)127 室
SHW127,上海欢乐颂,Wagas,上海市,闵行区,Shopping Mall,121.503874,31.095141,否,已开业,2024-01-19,上海市闵行区陈行公路 2688 号L116
SHBS56,上海EKA天物空间,Baker & Spice,上海市,浦东新区,Street-front,121.576824,31.263337,否,已开业,2024-03-30,上海市浦东新区金桥路 527-535 号内 13 幢第 470-1F 101、102、103、109、110、111 单元
BJW61,北京新辰里学清路店,Wagas,北京市,海淀区,Shopping Mall,116.353968,40.008851,否,已开业,2024-11-03,北京市海淀区学清路甲8号
BJW62,北京城乡购物中心,Wagas,北京市,海淀区,Shopping Mall,116.305593,39.90993,否,已开业,2023-12-28,北京市海淀区复兴路甲23号
BJW60,北京世界城,Wagas,北京市,朝阳区,Shopping Mall,116.452306,39.917689,否,已开业,2023-11-08,  北京市朝阳区金汇路8-9号中骏世界城W127号
BJW34,北京新中关店WA,Wagas,北京市,海淀区,Shopping Mall,116.315261,39.978311,否,已开业,2019-08-22,北京市海淀区中关村大街19号新中关大厦一层L120
SHBS57,上海真如环宇城,Baker & Spice,上海市,普陀区,Shopping Mall,121.409749,31.249991,否,已开业,2023-12-22,上海市普陀区铜川路 699 弄 1 号上海真如环宇城 MAX购物中心L1层【L1016-2】
BJW59,北京长安商场,Wagas,北京市,西城区,Shopping Mall,116.345175,39.907942,否,已开业,2023-12-09,北京市西城区复兴门外大街15号1幢F1-124
BJBS22,北京长楹天街,Baker & Spice,北京市,朝阳区,Shopping Mall,116.601166,39.924947,否,已开业,2023-12-31,北京市朝阳区常通路2号院1号楼B栋-1F-36、37号
SHW125,上海嘉亭荟,Wagas,上海市,嘉定区,Shopping Mall,121.161552,31.287737,否,已开业,2024-05-10,上海市嘉定区墨玉南路 909 号，编号为 1122、1123-2、1124 室
NJW13,南京华采天地,Wagas,南京市,建邺区,Shopping Mall,118.72179,31.997785,否,已开业,2023-11-09,南京市建邺区江东中路258号B1-06
BJW58,北京大钟寺,Wagas,北京市,海淀区,Office/BusinessPark,116.342037,39.96637,否,已开业,2023-11-30,北京市海淀区北三环西路甲18号院1F-07-2号
GZBS2,广州粤海天地店,Baker & Spice,广州市,天河区,Shopping Mall,113.323439,23.126351,否,已开业,2023-12-20,广东省广州市天河区珠江西路21号之七101房自编116、117号商铺
SZBS8,深圳前海壹方汇店,Baker & Spice,深圳市,南山区,Shopping Mall,113.897288,22.529118,否,已开业,2024-01-02,广东省深圳市南山区听海大道5059号前海鸿荣源中心A座B1-030
SHLK17,上海江湾里,Lokal,上海市,杨浦区,Shopping Mall,121.509207,31.315138,否,已开业,2023-11-14,上海市杨浦区民府路 678 号T3-1F-12 商铺
CQW5,重庆陆海国际中心,Wagas,重庆市,渝中区,Office/BusinessPark,106.517824,29.549903,否,已开业,2023-09-28,重庆市渝中区华盛路万科陆海国际中心项目LI层L101A
SHLK5,上海正大广场店,Lokal,上海市,浦东新区,Shopping Mall,121.49917,31.236752,否,已开业,2023-09-05,上海市浦东新区陆家嘴西路168号正大广场1幢1层GF52号（陆家嘴西路入口，靠近Zara）Lokal
WZW2,温州滨江万象城,Wagas,温州市,鹿城区,Shopping Mall,120.710297,28.017335,否,已开业,2023-11-28,浙江省温州市鹿城区瓯江路 3999 号 -L129铺号
HZBS2,杭州中心,Baker & Spice,杭州市,拱墅区,Shopping Mall,120.165521,30.272981,否,已开业,2023-12-24,浙江省杭州市拱墅区天水街道展览东路 150 号-B229铺号
ZHBS1,珠海中海富华里店,Baker & Spice,珠海市,香洲区,Shopping Mall,113.540749,22.234967,否,已开业,2023-11-24,广东省珠海市香洲区九洲大道西 2023 号中海富华里中心5栋一层101，102单元
SZLK1,深圳湾万象城店,Lokal,深圳市,南山区,Shopping Mall,113.946416,22.516696,否,已开业,2023-10-15,广东省深圳市南山区科苑南路2888号华润深圳湾万象城B151A 号商铺
CDW18,成都天府凯德,Wagas,成都市,武侯区,Shopping Mall,104.069153,30.602855,否,已开业,2023-11-08,四川成都市高新区天仁路388号天府凯德01层01号
SHBS63,上海长泰广场BS,Baker & Spice,上海市,浦东新区,Shopping Mall,121.602589,31.205015,否,已开业,2023-12-02,上海市浦东新区祖冲之路1261 号，1269号 1 层 185 室，1 层 186 室
SHW119,上海南翔中冶祥腾,Wagas,上海市,嘉定区,Shopping Mall,121.322775,31.295875,否,已开业,2023-11-21,上海市嘉定区南翔镇真南路 4368  弄 3 号 1层 06 室
HZBS3,杭州滨江龙湖,Baker & Spice,杭州市,滨江区,Shopping Mall,120.204104,30.200826,否,已开业,2023-08-05,杭州市滨江区长河街道江汉路1515号01-1F-52.01-1F-53号
SHBS53,上海青浦奥莱,Baker & Spice,上海市,青浦区,Shopping Mall,121.227853,31.155272,否,已开业,2023-03-04,上海市沪青平公路2888号A5-102室
SHBS49,上海蟠龙天地BS,Baker & Spice,上海市,青浦区,Shopping Mall,121.275338,31.189874,否,已开业,2023-08-12,上海市青浦区蟠龙路蟠龙天地BS117
SHBS62,上海环球港2,Baker & Spice,上海市,普陀区,Shopping Mall,121.412479,31.233316,否,已开业,2023-09-24,上海市普陀区中山北路3300号B1053-B1055
BJBS19,北京京西大悦城,Baker & Spice,北京市,石景山区,Shopping Mall,116.18292,39.925402,否,已开业,2023-06-17,北京市石景山区阜石路173号院1号楼B1-34 号
HZW15,杭州中大银泰,Wagas,杭州市,拱墅区,Shopping Mall,120.175275,30.327187,否,已开业,2023-06-21,杭州市下城区东新路822号石祥路138号商业广场L1层1024号
SHW94,上海信泰中心,Wagas,上海市,普陀区,Office/BusinessPark,121.396091,31.242186,否,已开业,2023-08-16,上海市普陀区大渡河路1438号1楼T201A单元
NBW5,宁波来福士,Wagas,宁波市,江北区,Shopping Mall,121.557557,29.88251,否,已开业,,宁波市江北区大庆南路99号宁波来福士广场01-10/11
WHW6,武汉越秀,Wagas,武汉市,江汉区,Shopping Mall,114.276958,30.586086,否,已开业,2023-06-13,湖北省武汉市江汉区越秀国际金融汇地上第一层L1005号商铺
SHW99,上海奉贤龙湖,Wagas,上海市,奉贤区,Shopping Mall,121.49702,30.914431,否,已开业,2023-02-05,"上海市奉贤区金海公路3800号A-1F-26B,A-1F-26A号"
SZBS7,深圳海上世界,Baker & Spice,深圳市,南山区,Shopping Mall,113.915735,22.483407,否,已开业,2023-06-01,广东省深圳市南山区蛇口海上世界南山宾馆114铺
SHW121,上海世博绿谷,Wagas,上海市,浦东新区,Office/BusinessPark,121.496316,31.187274,否,已开业,2023-08-22,上海市浦东新区众冠路101号C栋一楼A03B1-1102房屋
BJW55,北京北苑龙湖店,Wagas,北京市,朝阳区,Shopping Mall,116.438573,40.042849,否,已开业,2023-08-16,北京市朝阳区北苑东路19号院9号楼-3至6层101内1层A馆-1F-20
HZW16,杭州天空之城,Wagas,杭州市,余杭区,Shopping Mall,120.042675,30.29875,否,已开业,2023-12-01,杭州市余杭塘路1088号五常街道云汇城1幢1-101室、
TJW1,天津万象城,Wagas,天津市,河西区,Shopping Mall,117.213392,39.090255,否,已开业,2023-09-29,天津市河西区乐园道9号万象城B1-058号
BJW53,北京回龙观龙街,Wagas,北京市,昌平区,Shopping Mall,116.370725,40.085095,否,已开业,2023-05-01,北京市昌平区龙锦三街乙42号院1号楼一层1025号
SHW123,上海尚浦汇,Wagas,上海市,杨浦区,Office/BusinessPark,121.51038,31.31547,否,已开业,2023-07-20,上海市杨浦区江湾新城民府路578号尚浦汇一期T1幢商场1层104室
BJW56,北京望京万象汇,Wagas,北京市,朝阳区,Shopping Mall,116.46903,40.010789,否,已开业,2024-01-25,北京市朝阳区广顺北大街16号院3号楼望京华彩商业中心 一 层A108-1/A108号
BJBS20,北京北辰荟,Baker & Spice,北京市,朝阳区,Shopping Mall,116.387599,40.002727,否,已开业,2023-12-28,北京市朝阳区北辰西路6号院1号楼一层L118-1
HZW17,杭州西溪印象城,Wagas,杭州市,余杭区,Shopping Mall,120.050338,30.247492,否,已开业,2023-08-12,浙江省杭州市余杭区常街道五常大道1号P1-01-15号
BJW57,北京双子座,Wagas,北京市,朝阳区,Office/BusinessPark,116.448674,39.908039,否,已开业,2023-10-07,北京市朝阳区建国门外大街乙12号汇京双子座大厦中L1层L1-2/L1-9A号
CDW11,成都麓湖生态城,Wagas,成都市,双流区,Shopping Mall,104.057979,30.464611,否,已开业,2023-04-29,成都市天府新区华阳街道嘉州路168号3栋1楼111室
SHBS61,上海缤谷广场2店,Baker & Spice,上海市,长宁区,Shopping Mall,121.38574,31.214783,否,已开业,2023-09-01,上海市长宁区天山路341号缤谷文化休闲广场1期第1幢第116单元
CDW15,成都大悦城,Wagas,成都市,武侯区,Shopping Mall,104.011217,30.624988,否,已开业,2023-08-15,四川省成都市武侯区大悦路518号成都大悦城购物中心1F-063A号商铺
SUZBS3,苏州仓街,Baker & Spice,苏州市,姑苏区,Shopping Mall,120.639517,31.311674,否,已开业,2023-09-28,江苏省苏州市姑苏区仓街1号仓街商业广场项目4号楼第G层161号商铺
BJBS18,北京朝阳大悦城BS,Baker & Spice,北京市,朝阳区,Shopping Mall,116.520197,39.924214,否,已开业,2023-04-14,北京市朝阳区朝阳北路99号楼1层01号G133-135
SZW22,深圳睿印RAIL IN,Wagas,深圳市,南山区,Shopping Mall,113.970441,22.524145,否,已开业,2023-08-04,广东省深圳市南山区深湾汇云中心四期G座睿印商场B2层B218- B113号
SHLK15,上海东湖宾馆LK,Lokal,上海市,徐汇区,Street-front,121.454328,31.216018,否,已开业,2023-11-17,上海市徐汇区东湖路7号东湖宾馆6号楼南侧二层商铺
CDBS3,成都万象城,Baker & Spice,成都市,成华区,Shopping Mall,104.115353,30.649709,否,已开业,2023-11-08,成都市成华区双庆路8号1栋1层1号L149
WXW5,无锡滨湖万象汇,Wagas,无锡市,滨湖区,Shopping Mall,120.260966,31.541701,否,已开业,2023-12-05,江苏省无锡市滨湖区太湖大道1688号无锡滨湖万象汇L143号商铺
BJBS21,北京王府中环店1,Baker & Spice,北京市,东城区,Shopping Mall,116.408436,39.912316,否,已开业,2023-08-16,北京市东城区王府井大街269号院1号楼B1层-132b号商铺
CDW14,成都明日巴适,Wagas,成都市,双流区,Office/BusinessPark,104.079688,30.514395,否,已开业,2023-10-07,四川省成都市高新区明日巴适项目1层L101号
SHW122,上海叠纸,Wagas,上海市,杨浦区,Office/BusinessPark,121.508604,31.309937,否,已开业,2023-08-02,上海市杨浦区淞沪路635号1F 105、106室
BJBS16,北京老佛爷,Baker & Spice,北京市,西城区,Shopping Mall,116.374838,39.914259,否,已开业,2022-10-08,北京市西城区西单北大街110号的巴黎老佛爷百货L1-1.17&W1.8 号
NJW10,南京绿地紫峰购物广场,Wagas,南京市,鼓楼区,Shopping Mall,118.78301,32.06083,否,已开业,2022-10-08,南京市中山北路6号绿地中心紫峰购物广场1层B01商铺
SHW108,上海万象企业中心,Wagas,上海市,闵行区,Office/BusinessPark,121.353935,31.1637,否,已开业,2022-08-15,上海市闵行区号文路217号MT1栋106室
SHW24,上海番禺路,Wagas,上海市,长宁区,Street-front,121.429431,31.204851,否,已开业,2012-02-18,上海市长宁区番禺路483号
SHW84,上海凌空soho,Wagas,上海市,长宁区,Office/BusinessPark,121.352725,31.2219,否,已开业,2021-01-11,上海市长宁区金钟路968号天会商务广场6号楼103B楼
SHBS25,上海会德丰国际广场店,Baker & Spice,上海市,静安区,Office/BusinessPark,121.444753,31.221823,否,已开业,2019-10-09,上海静安区南京西路1717号南院首层101号商铺
BJW26,北京新辰里店,Wagas,北京市,朝阳区,Shopping Mall,116.406582,39.991636,否,已开业,2019-11-08,北京市朝阳区北辰东路8号院新辰里购物中心1层
SHBS32,上海淮海路1877,Baker & Spice,上海市,徐汇区,Street-front,121.43822,31.203891,否,已开业,2020-12-12,上海市淮海中路1877号-1879号底层2铺
GZW8,广州黄埔大悦汇店,Wagas,广州市,黄埔区,Shopping Mall,113.430001,23.164783,否,已开业,2023-06-30,广东省广州市黄埔大悦汇购物中心46号101-18、101-19号商铺
CDW9,成都西宸龙湖,Wagas,成都市,金牛区,Shopping Mall,104.032591,30.697963,否,已开业,2022-08-25,成都市金牛区花照壁西顺街399号A馆-1F-01
SHW89,上海东方广场,Wagas,上海市,浦东新区,Office/BusinessPark,121.483233,31.150895,否,已开业,2021-07-05,上海市浦东新区东育路636号1层
SHW6,上海宏伊国际广场,Wagas,上海市,黄浦区,Shopping Mall,121.48449,31.236701,否,已开业,2006-11-15,上海市黄浦区九江路288号一层
CDW2,成都来福士,Wagas,成都市,武侯区,Shopping Mall,104.067496,30.632046,否,已开业,2017-10-13,四川省成都市武侯区人民南路四段3号来福士广场02层02号
CDW6,成都银泰,Wagas,成都市,武侯区,Shopping Mall,104.069232,30.585522,否,已开业,2021-02-23,四川省成都市高新区天府大道北段1199号L1层L121a室铺位
SHBS39,上海徐汇绿地缤纷城,Baker & Spice,上海市,徐汇区,Shopping Mall,121.456959,31.18316,否,已开业,2022-07-02,上海市徐汇区瑞平路76号徐汇绿地缤纷城1层WG-103房屋
SHW81,上海前滩企业天地店,Wagas,上海市,浦东新区,Office/BusinessPark,121.481397,31.157716,否,已开业,2020-09-21,上海自由贸易试验区东育路255弄2号1层101单元
SHW91,上海飞洲国际,Wagas,上海市,徐汇区,Shopping Mall,121.437852,31.183177,否,已开业,2021-12-13,上海市徐汇区零陵路899号1层107-108铺位
BJW54,北京西三旗店,Wagas,北京市,海淀区,Shopping Mall,116.365473,40.060112,否,已开业,2023-05-19,北京市海淀区西三旗建材城东路33号院1号楼L120
SHBS10,上海长宁来福士店,Baker & Spice,上海市,长宁区,Shopping Mall,121.414673,31.216516,否,已开业,2017-07-03,上海市长宁路1123号长宁来福士广场E01层16-17号商铺
WHW2,武汉壹方天地,Wagas,武汉市,江岸区,Shopping Mall,114.310955,30.610757,否,已开业,2022-03-12,武汉市江岸区中山大道 1515 号 1 层商 25 单元(1-25)
HZW5,杭州阿里巴巴店,Wagas,杭州市,余杭区,Shopping Mall,120.030174,30.281413,否,已开业,2018-04-28,杭州市余杭区文一西路961号亲橙里6号楼1层6-16室
SHLK8,上海瑞虹太阳宫,Lokal,上海市,虹口区,Shopping Mall,121.499992,31.262497,否,已开业,2021-09-19,上海市虹口区瑞虹路181号L1-14单元
HZW3,杭州来福士,Wagas,杭州市,上城区,Shopping Mall,120.21395,30.248754,否,已开业,2017-08-23,杭州市江干区新业路228号杭州来福士中心L1层29b&30号
SHW124,国际传媒港,Wagas,上海市,徐汇区,Office/BusinessPark,121.461635,31.159883,否,已开业,2023-07-25,上海市徐汇区龙文路129号一层1-L2号
SHW66,上海活力城店,Wagas,上海市,浦东新区,Shopping Mall,121.565222,31.155887,否,已开业,2019-12-20,上海市浦东新区北蔡镇沪南路2229号L1层41-02室
BJW52,北京新光大,Wagas,北京市,通州区,Shopping Mall,116.660438,39.916338,否,已开业,2023-09-22,北京市通州区滨惠北一街新光大中心IV-02号1层106室
SHW52,上海幸福里睿园店,Wagas,上海市,徐汇区,Office/BusinessPark,121.405483,31.161715,否,已开业,2018-12-25,上海市徐汇区桂平路353号6号楼南楼108室
SHBS17,上海陆家嘴中心店,Baker & Spice,上海市,浦东新区,Shopping Mall,121.515252,31.231382,否,已开业,2018-12-24,上海浦东新区浦东南路877号1层117单元
BJW3,北京来福士,Wagas,北京市,东城区,Shopping Mall,116.432465,39.940189,否,已开业,2014-10-18,北京市东城区东直门南大街1号01-10室来福士1层
WXW2,无锡万象城,Wagas,无锡市,滨湖区,Shopping Mall,120.28314,31.514214,否,已开业,2022-01-26,江苏省无锡市经开区金石路88号L1层L1-48
BJW28,北京国旅店,Wagas,北京市,西城区,Shopping Mall,116.358631,39.90861,否,已开业,2019-11-08,北京市西城区复兴门内大街99号国旅长安大厦第一层101
SHW15,上海古北家乐福,Wagas,上海市,长宁区,Shopping Mall,121.393905,31.196601,否,已开业,2009-12-25,上海市长宁区水城南路268号1楼
SHW69,上海协信星光广场店,Wagas,上海市,静安区,Shopping Mall,121.458383,31.298676,否,已开业,2021-07-30,上海市静安区江场路1228弄12号NL150
BJBS11,北京悠唐,Baker & Spice,北京市,朝阳区,Shopping Mall,116.438126,39.921127,否,已开业,2022-01-28,北京市朝阳区三丰北里2号悠唐购物中心1层 F1-001A/F1-036A/F2-052
BJBS1,北京官舍,Baker & Spice,北京市,朝阳区,Shopping Mall,116.464195,39.950577,否,已开业,2015-09-26,北京市朝阳区东方东路19号官舍F111号
SHW82,上海欧尚店,Wagas,上海市,浦东新区,Shopping Mall,121.601674,31.203332,否,已开业,2020-10-23,上海市浦东新区金科路3057号欧尚1栋1层 646-1001
BJW51,北京亦庄华联,Wagas,北京市,大兴区,Shopping Mall,116.501956,39.805262,否,已开业,2022-10-17,北京市经济技术开发区荣华中路北京华联亦庄购物中心 F1-16
SHW13,上海普陀巴黎春天,Wagas,上海市,普陀区,Shopping Mall,121.441438,31.242762,否,已开业,2009-05-01,上海市普陀区长寿路155号巴黎春天L102室
SHBS19,上海博华广场店,Baker & Spice,上海市,静安区,Office/BusinessPark,121.461894,31.236807,否,已开业,2018-09-26,上海市静安区山海关路388号博华广场商场1层09室
SHW74,上海长风绿城中心店,Wagas,上海市,普陀区,Shopping Mall,121.38811,31.227156,否,已开业,2021-05-17,上海市普陀区泸定路388号第一层L1-02商铺
BJW38,北京远洋未来汇,Wagas,北京市,朝阳区,Shopping Mall,116.491323,39.915973,否,已开业,2021-04-27,北京市朝阳区慈云寺北里209号远洋未来汇CF1-05 
CDLK1,成都太古里LK,Lokal,成都市,锦江区,Shopping Mall,104.083643,30.652632,否,已开业,2022-03-28,四川省成都市锦江区中纱帽街8号M050b商铺
SHW8,上海尚街,Wagas,上海市,徐汇区,Office/BusinessPark,121.459818,31.204583,否,已开业,2007-11-14,上海市徐汇区建国西路283号104室
SHW48,上海复兴路店,Wagas,上海市,黄浦区,Street-front,121.482913,31.219473,否,已开业,2018-07-27,上海黄浦区西藏南路569号102-A室
SHW113,上海松江金地,Wagas,上海市,松江区,Shopping Mall,121.318614,31.13926,否,已开业,2023-05-15,上海市松江区九亭镇沪亭北路99弄3号九亭金地广场项目L1楼L1054号商铺
SHW77,上海金鹰国际店,Wagas,上海市,黄浦区,Shopping Mall,121.45484,31.228468,否,已开业,2020-08-21,上海市静安区陕西北路278号A1-2(1009)商铺
SUZW7,苏州星合广场,Wagas,苏州市,吴中区,Shopping Mall,120.714139,31.322916,否,已开业,2022-11-28,苏州市工业园区华池街88号晋合广场2幢，105-3/105-5号商铺
SHW120,上海啦啦宝都,Wagas,上海市,浦东新区,Shopping Mall,121.603808,31.252501,否,已开业,2023-06-23,"上海市浦东新区新金桥路738号1F 114,115号"
SHW25,上海环智国际大厦店,Wagas,上海市,静安区,Office/BusinessPark,121.454532,31.24406,否,已开业,2012-07-30,上海市闸北区恒丰路410-416号
BJW25,北京五道口购物中心,Wagas,北京市,海淀区,Shopping Mall,116.339083,39.992028,否,已开业,2019-07-19,北京市海淀区成府路28号邦泰优盛大厦1层101室09号
NJW8,南京仙林金鹰,Wagas,南京市,栖霞区,Shopping Mall,118.924366,32.099912,否,已开业,2022-06-09,江苏省南京市栖霞区仙林街道学海路1号F1025商铺
SHLK1,上海湖滨道购物中心,Lokal,上海市,黄浦区,Shopping Mall,121.479075,31.220707,否,已开业,2017-11-16,上海市湖滨路150号湖滨道购物中心一层E06单元
SHW85,上海松江漕河泾园区,Wagas,上海市,松江区,Office/BusinessPark,121.316711,31.094993,否,已开业,2020-12-31,上海市松江区新桥镇莘砖公路518号园区
SHW53,上海漕河泾园区店,Wagas,上海市,徐汇区,Office/BusinessPark,121.398431,31.163914,否,已开业,2019-03-05,上海市徐汇区古美路1528号7幢1层01商业101F1室商铺
SHW45,上海虹口龙之梦店,Wagas,上海市,虹口区,Shopping Mall,121.477187,31.271416,否,已开业,2018-06-19,上海市虹口区西江湾路388号凯德龙之梦虹口B区1层16/17号商铺
BJW9,北京中粮广场,Wagas,北京市,东城区,Office/BusinessPark,116.429919,39.907286,否,已开业,2017-08-05,北京市东城区建国门内大街8号北京中粮广场C座G133-135
SHW105,上海百联世纪,Wagas,上海市,浦东新区,Shopping Mall,121.528067,31.230112,否,已开业,2022-07-18,"上海市浦东新区世纪大道1217号G59-F01-1-002B,G59-F01-0-024商铺"
CDW13,成都滨江龙湖,Wagas,成都市,成华区,Shopping Mall,104.126612,30.666264,否,已开业,2022-12-15,四川省成都市成华区成华大道杉板桥路266号1栋6层1号A馆1F-27b
SHW107,上海互联宝地,Wagas,上海市,杨浦区,Office/BusinessPark,121.529328,31.272676,否,已开业,2022-08-29,上海市杨浦区黄兴路221号C栋C1111单元
HZW13,杭州欧美金融城,Wagas,杭州市,余杭区,Shopping Mall,120.001544,30.280125,否,已开业,2023-03-29,浙江省杭州市余杭区文一西路与水城北路交汇处东北欧美金融城84号楼1层C103、C102号商铺
SHW71,上海Plus乐坊店,Wagas,上海市,浦东新区,Shopping Mall,121.562907,31.207315,否,已开业,2020-07-29,上海市浦东新区芳甸路1372号大唐国际广场1-05号商铺
CDW3,成都仁恒置地店,Wagas,成都市,锦江区,Shopping Mall,104.067288,30.651928,否,已开业,2018-11-29,成都市人民南路二段1号F1123A店铺
SHBS40,上海西岸凤巢,Baker & Spice,上海市,徐汇区,Shopping Mall,121.443118,31.186034,否,已开业,2021-12-10,上海市徐汇区云锦路683 号1层第01-019号商铺
BJW30,北京新辰里酒仙桥店,Wagas,北京市,朝阳区,Shopping Mall,116.490623,39.9759,否,已开业,2020-05-29,北京市朝阳区酒仙桥路12号一层F1-005
BJBS15,北京赛特奥莱,Baker & Spice,北京市,朝阳区,Shopping Mall,116.505042,40.034317,否,已开业,2022-09-17,北京市朝阳区香江北路28号一层1-007号
SZW10,深圳卓悦中心店,Wagas,深圳市,福田区,Shopping Mall,114.065978,22.536125,否,已开业,2019-11-29,深圳市福田区福田街道岗厦社区深南大道2005号卓悦中心1层N138
NBW1,宁波万象城,Wagas,宁波市,江北区,Shopping Mall,121.555505,29.898951,否,已开业,2022-05-18,浙江省宁波市万象城4号门一楼S105
SZBS2,深圳深业上城,Baker & Spice,深圳市,福田区,Shopping Mall,114.069827,22.556364,否,已开业,2022-04-01,深圳市福田区皇岗路 5001 号 【深业上城（南区）一期】商业 L3 层【T3061】号商铺
SHBS33,上海幸福里,Baker & Spice,上海市,长宁区,Street-front,121.430892,31.204529,否,已开业,2021-03-29,上海市长宁区 番禺路381号6号楼1楼102、103
SUZW6,苏州苏悦广场,Wagas,苏州市,吴中区,Shopping Mall,120.668963,31.315084,否,已开业,2021-10-24,苏州工业园区苏州大道西119号苏悦商贸广场南区楼商场S1层S1-12单元
SHW51,上海品尊国际店,Wagas,上海市,普陀区,Office/BusinessPark,121.419838,31.256919,否,已开业,2018-10-29,上海市普陀区铜川路58弄23、24号A区一层商铺 
SZW11,深圳储能店,Wagas,深圳市,南山区,Office/BusinessPark,113.944824,22.537842,否,已开业,2020-01-07,深圳市南山区科苑南路3099号1层C2店铺
BJW15,北京大族广场店,Wagas,北京市,大兴区,Office/BusinessPark,116.512985,39.792843,否,已开业,2018-05-26,北京市北京经济技术开发区荣华南路2号院9号楼1层F1-30、F1-31号
SHW33,上海花木路,Wagas,上海市,浦东新区,Office/BusinessPark,121.5366,31.213358,否,已开业,2015-06-10,上海市浦东新区锦康路252号101室
SHW16,上海中区广场,Wagas,上海市,黄浦区,Office/BusinessPark,121.470379,31.22917,否,已开业,2010-07-07,上海市黄浦区黄陂北路227号中区广场1楼101室
SHBS14,上海浦东世纪汇店,Baker & Spice,上海市,浦东新区,Shopping Mall,121.52621,31.228401,否,已开业,2018-05-28,上海浦东新区世纪大道1192号世纪汇广场LG1层018号商铺
SHW109,上海腾飞大厦,Wagas,上海市,徐汇区,Office/BusinessPark,121.442191,31.188108,否,已开业,2022-10-25,上海市天钥桥路333号一层103室
SHW103,上海环球都会广场,Wagas,上海市,浦东新区,Office/BusinessPark,121.472708,31.170462,否,已开业,2022-07-25,上海市浦东新区耀元路58号上海环球都会广场地上第一层102单元
SHW102,上海长阳创谷,Wagas,上海市,杨浦区,Office/BusinessPark,121.535256,31.270787,否,已开业,2022-03-21,上海市杨浦区长阳路1687号西1120幢104室
SHW65,上海宝山巴黎春天店,Wagas,上海市,宝山区,Shopping Mall,121.411718,31.270911,否,已开业,2019-10-25,上海市宝山区真华路888号巴黎春天1层1F-88商铺
CDW8,成都天府红店,Wagas,成都市,锦江区,Shopping Mall,104.066889,30.655985,否,已开业,2021-09-19,四川省成都市锦江区东御街18号1栋1层1002&1003号商铺
BJW16,北京十里堡万科时代店,Wagas,北京市,朝阳区,Shopping Mall,116.503465,39.914858,否,已开业,2018-08-17,北京市朝阳区十里堡甲3号院1号楼1层40-42室
SZBS6,深圳金地威新中心BS,Baker & Spice,深圳市,南山区,Office/BusinessPark,113.952161,22.527647,否,已开业,2022-06-01,深圳市南山区高新南十道金地威新中心一楼L115+L116号商铺
SZW14,深圳来福士,Wagas,深圳市,南山区,Shopping Mall,113.925734,22.511836,否,已开业,2020-12-29,深圳市南山区南山街道南海大道2163号深圳来福士广场-商场01层17B号
BJBS13,北京银泰,Baker & Spice,北京市,朝阳区,Shopping Mall,116.459222,39.907691,否,已开业,2022-09-19,北京市朝阳区建国门外大街2号院6号楼地下一层B21-22号商铺
SHW19,上海889广场,Wagas,上海市,静安区,Shopping Mall,121.428556,31.229332,否,已开业,2011-05-06,上海市静安区万航渡路889号一层5室
BJW22,北京西客站食宝街店,Wagas,北京市,海淀区,Shopping Mall,116.322104,39.898469,否,已开业,2018-11-29,北京市海淀区羊坊路18号F1-078/079号店铺
GZW7,广州星寰国际商业中心,Wagas,广州市,越秀区,Shopping Mall,113.264054,23.113567,否,已开业,2023-03-31,广东省广州市越秀区侨光路11号首层09号
HZW8,杭州龙湖西溪天街店,Wagas,杭州市,西湖区,Shopping Mall,120.068893,30.291607,否,已开业,2019-12-06,杭州市西湖区蒋村街道余杭塘路1001号西溪天街A幢1楼24号
BJW39,北京招商局,Wagas,北京市,朝阳区,Office/BusinessPark,116.463099,39.907303,否,已开业,2021-05-19,北京市朝阳区建国路118号招商局中心01楼01层101单元
SHBS47,上海K11,Baker & Spice,上海市,黄浦区,Shopping Mall,121.473803,31.223272,否,已开业,2021-12-21,上海市黄浦区淮海中路300号香港新世界大厦B1层B101&B102&B120室
HZW6,杭州黄龙万科店,Wagas,杭州市,西湖区,Shopping Mall,120.127994,30.275409,否,已开业,2019-01-12,杭州市西湖区学院路77号黄龙国际中心商场一层101号单元 
SHBS1,上海安福路,Baker & Spice,上海市,徐汇区,Street-front,121.4438,31.213951,否,已开业,2010-02-01,上海市徐汇区安福路195号1楼
BJBS14,北京望京凯德,Baker & Spice,北京市,朝阳区,Shopping Mall,116.468473,39.992972,否,已开业,2022-09-17,北京市朝阳区广顺北大街33号院215号楼1层38/39号
SHW18,上海缤谷广场,Wagas,上海市,长宁区,Shopping Mall,121.386636,31.214457,否,已开业,2011-02-24,上海市长宁区天山路341号缤谷广场西座105室
SHW96,上海星荟中心,Wagas,上海市,虹口区,Office/BusinessPark,121.487097,31.246505,否,已开业,2022-01-07,上海市虹口区天潼路328号商场楼地上一层106室
SHBS41,上海大宁久光,Baker & Spice,上海市,静安区,Shopping Mall,121.45068,31.276104,否,已开业,2021-11-27,上海市静安区共和新路 2188 号B1 层 MB136-2、MB136-3 室
SHLK6,上海北外滩来福士店,Lokal,上海市,虹口区,Shopping Mall,121.507334,31.252584,否,已开业,2021-07-09,上海市虹口区东大名路 999 号01层09A号
SHBS8,上海虹桥南丰城,Baker & Spice,上海市,长宁区,Shopping Mall,121.407924,31.207467,否,已开业,2015-06-28,上海市长宁区遵义路100号商场1-L113，2-L112单元
SHBS35,上海光大虹桥宫,Baker & Spice,上海市,长宁区,Shopping Mall,121.35842,31.2174,否,已开业,2021-12-23,上海市长宁区淞虹路377号L1层-T6-07室
SHBS13,上海浦东尚悦湾店,Baker & Spice,上海市,浦东新区,Shopping Mall,121.510498,31.241697,否,已开业,2018-02-26,上海市浦东新区银城路66号尚悦湾广场1层101A单元
SUZBS2,苏州中心2期,Baker & Spice,苏州市,吴中区,Shopping Mall,120.679211,31.314704,否,已开业,2022-01-17,苏州市苏州中心广场2幢L1层(C)01-01号
SHBS50,上海丁香国际,Baker & Spice,上海市,浦东新区,Shopping Mall,121.551091,31.2251,否,已开业,2022-08-15,上海市浦东新区丁香路880弄L127、L128号单元
HZW7,杭州远洋乐堤港店,Wagas,杭州市,拱墅区,Shopping Mall,120.142121,30.304675,否,已开业,2019-01-13,杭州市拱墅区丽水路远洋乐堤港A区一层A176-A178 
BJW48,北京元中心,Wagas,北京市,海淀区,Office/BusinessPark,116.316124,40.049812,否,已开业,2022-08-22,北京市海淀区西二旗中路29号中关村移动智能服务创新园6号楼 一层101室
SHBS9,上海西康189弄,Baker & Spice,上海市,普陀区,Shopping Mall,121.440668,31.24179,否,已开业,2017-02-10,上海市普陀区长寿路189号上海189弄购物中心一层L109B-L110商铺
SHW110,上海宝山龙湖,Wagas,上海市,宝山区,Shopping Mall,121.361814,31.359228,否,已开业,2022-09-30,上海市宝山区丹霞山路50弄1号宝山天街SHBCTJ-A-1F-02号房屋
SHBS2,上海商城,Baker & Spice,上海市,静安区,Shopping Mall,121.452489,31.226886,否,已开业,2010-11-01,上海市静安区南京西路1376号118室东塔
SHBS11,上海仲盛世界商城,Baker & Spice,上海市,闵行区,Shopping Mall,121.387162,31.107032,否,已开业,2017-06-14,上海市闵行区都市路5001号仲盛世界商城地上1层110A单元
SHBS46,上海万科天空之城,Baker & Spice,上海市,青浦区,Shopping Mall,121.25364,31.177012,否,已开业,2022-09-30,上海市青浦区崧泽大道2229弄66号L1-66/67室
SUZW5,苏州大悦城,Wagas,苏州市,相城区,Shopping Mall,120.608114,31.400542,否,已开业,2021-10-24,苏州市相城区元和街道御窑路1999号L1-02号商铺
SZW9,深圳侨城坊店,Wagas,深圳市,南山区,Shopping Mall,113.980076,22.551958,否,已开业,2019-05-20,深圳市南山区沙河街道高发社区侨香路与香山西街交汇处侨城坊九方荟一层BL102店铺
SHW83,上海莘庄龙之梦,Wagas,上海市,闵行区,Shopping Mall,121.378995,31.108066,否,已开业,2020-12-14,上海市沪闵路6088号凯德龙之梦闵行01层28号
SHW112,上海漕河泾绿谷,Wagas,上海市,闵行区,Office/BusinessPark,121.388938,31.163361,否,已开业,2023-02-20,上海市闵行区田林路889号漕河泾科技绿洲四期2幢1层101、102号
SHW87,上海旭辉环创中心,Wagas,上海市,杨浦区,Shopping Mall,121.542435,31.278426,否,已开业,2021-07-30,杨浦区周家嘴路3680号环创中心1楼24-25室
SHW115,上海江桥万达,Wagas,上海市,嘉定区,Shopping Mall,121.324964,31.240702,否,已开业,2023-02-28,上海市嘉定区江桥镇上海市嘉定区江桥镇华江路848号一层1102，1103室
NBW2,宁波鄞州龙湖,Wagas,宁波市,鄞州区,Shopping Mall,121.589965,29.879803,否,已开业,2023-03-28,浙江省宁波市鄞州区中兴路77号龙湖鄞州天街A-1F-48室
BJW49,北京金辉,Wagas,北京市,朝阳区,Office/BusinessPark,116.488818,40.002907,否,已开业,2022-05-16,北京市朝阳区望京东园四区6号楼01-B1-09-1号
SHW92,上海徐汇万科中心,Wagas,上海市,徐汇区,Office/BusinessPark,121.434018,31.158319,否,已开业,2021-10-26,上海市徐汇区定安路55号徐汇万科中心一期一层T2-102A
SZW19,深圳天河城,Wagas,深圳市,罗湖区,Shopping Mall,114.134244,22.577269,否,已开业,2023-02-16,深圳天河城半地下二层（甲方自编第一层）143、144号商铺】
BJW19,北京玖安广场店,Wagas,北京市,朝阳区,Shopping Mall,116.40877,39.952283,否,已开业,2018-09-30,北京朝阳安定门外大街208号玖安广场1F-04商铺
GZW5,广州天河万菱汇,Wagas,广州市,天河区,Shopping Mall,113.330753,23.132618,否,已开业,2022-01-28,广州市天河区天河路232号101号房（自编万菱汇L1层5-6号铺）
SHBS36,上海虹桥机场T2,Baker & Spice,上海市,长宁区,Transportation center,121.327623,31.193528,否,已开业,2021-08-10,上海虹桥国际机场2号航站楼
BJW50,北京丽泽华联,Wagas,北京市,丰台区,Shopping Mall,116.305282,39.867674,否,已开业,2022-09-30,北京市丰台区丰台北路丽泽天地F1-28号
SHLK13,上海苏河湾万象天地,Lokal,上海市,静安区,Shopping Mall,121.479344,31.2432,否,已开业,2022-10-13,上海市静安区天潼路701号EL101-102
SHBS52,上海兴业太古汇,Baker & Spice,上海市,静安区,Shopping Mall,121.462801,31.228294,否,已开业,2022-09-05,上海市静安区南京西路789号LG219
SHW35,上海江苏路,Wagas,上海市,长宁区,Office/BusinessPark,121.431033,31.218545,否,已开业,2016-09-10,上海市长宁区江苏路458号舜元大厦106单元
SHW111,上海陆家嘴滨江中心,Wagas,上海市,浦东新区,Office/BusinessPark,121.511858,31.210711,否,已开业,2023-03-06,上海市浦东新区滨江大道5179号，1层，105-106室
SHW59,上海南洋1931店,Wagas,上海市,徐汇区,Shopping Mall,121.433207,31.185884,否,已开业,2019-05-22,上海徐汇区裕德路125号南洋1931商场一层12号单元
SHBS12,上海恒丰路二店,Baker & Spice,上海市,静安区,Office/BusinessPark,121.455407,31.244664,否,已开业,2018-01-05,上海市恒丰路379号达邦协作广场L102单元
BJW17,北京枫蓝国际店,Wagas,北京市,海淀区,Shopping Mall,116.356606,39.95293,否,已开业,2018-09-28,北京海淀枫蓝国际一层101-1至5号商铺
BJW20,北京西单君太店,Wagas,北京市,西城区,Shopping Mall,116.373542,39.90958,否,已开业,2019-01-20,北京市西城区西单北大街133号太运大厦F2，A-11号店铺
KSW1,昆山万象汇,Wagas,昆山市,玉山镇,Shopping Mall,120.92911,31.381279,否,已开业,2022-01-23,昆山市玉山镇前进西路1266号1层L121
SHLK9,上海吴兴路,Lokal,上海市,徐汇区,Street-front,121.445609,31.199816,否,已开业,2022-09-23,上海市徐汇区吴兴路277号1层106a/106b/107a/107b号商铺
SHBS48,上海今潮八弄,Baker & Spice,上海市,虹口区,Shopping Mall,121.484091,31.251098,否,已开业,2021-12-24,上海市虹口区滨港商业中心四川北路989弄78-95号108、109、110、111单元
SHBS27,上海1788国际大厦店,Baker & Spice,上海市,静安区,Office/BusinessPark,121.444163,31.222212,否,已开业,2020-01-08,上海市南京西路1818号1788国际大厦商场L1-06室
BJW11,北京环球贸易中心店,Wagas,北京市,东城区,Office/BusinessPark,116.410418,39.966483,否,已开业,2018-01-19,北京市东城区北三环东路36号3号楼1层09单元
SHW27,上海宝地广场,Wagas,上海市,杨浦区,Office/BusinessPark,121.511921,31.260328,否,已开业,2013-05-25,上海市杨浦区昆明路555号宝地广场D栋一层109单元
SHW54,上海虹桥龙湖天街店,Wagas,上海市,闵行区,Shopping Mall,121.313706,31.193149,否,已开业,2018-12-29,上海闵行区申长路869号1层02（A-1F-02）单元
SHW29,上海陆家嘴环路,Wagas,上海市,浦东新区,Office/BusinessPark,121.505639,31.242378,否,已开业,2014-05-06,上海市浦东新区陆家嘴环路1188号L1商铺
SHBS55,七宝领展广场,Baker & Spice,上海市,闵行区,Shopping Mall,121.349967,31.155145,否,已开业,2022-11-25,上海市闵行区漕宝路3366号1层L109D室
HZW10,杭州滨江银泰,Wagas,杭州市,滨江区,Shopping Mall,120.221591,30.200919,否,已开业,2022-08-16,浙江省杭州市滨江区滨和路598号1号楼A-132
SHW11,上海96广场,Wagas,上海市,浦东新区,Shopping Mall,121.524414,31.226926,否,已开业,2008-11-28,上海市浦东新区东方路796号96广场171单元
CDW10,成都大魔方,Wagas,成都市,武侯区,Shopping Mall,104.069945,30.574381,否,已开业,2022-10-28,四川省成都市高新区天府大道北段1777号L1046
SHBS16,上海置汇旭辉店,Baker & Spice,上海市,浦东新区,Shopping Mall,121.554654,31.242808,否,已开业,2018-09-22,上海市浦东新区张杨路2389弄4号置汇旭辉广场购物中心一层04室
SHW57,上海大宁音乐广场店,Wagas,上海市,静安区,Office/BusinessPark,121.444115,31.280301,否,已开业,2019-03-25,上海市静安区万荣路777号大宁音乐广场A座102室
SHLK12,上海蟠龙天地,Lokal,上海市,青浦区,Shopping Mall,121.275238,31.189127,否,已开业,2023-04-29,"上海市青浦区蟠龙路蟠龙天地BW128,LY101"
SHBS51,上海环球金融中心,Baker & Spice,上海市,浦东新区,Office/BusinessPark,121.50781,31.23426,否,已开业,2023-02-20,上海市浦东新区世纪大道100号210商铺
SHBS15,上海凯德晶萃店,Baker & Spice,上海市,徐汇区,Shopping Mall,121.477303,31.210246,否,已开业,2018-09-22,上海市黄浦区徐家汇路268号1-20号
SHBS29,上海外滩金融中心店,Baker & Spice,上海市,黄浦区,Shopping Mall,121.4979,31.22715,否,已开业,2020-09-21,上海巿黄浦区中山东二路588号S126单元
BJBS10,北京祥云小镇Shine Hill,Baker & Spice,北京市,顺义区,Shopping Mall,116.536518,40.088741,否,已开业,2021-09-04,北京市顺义区安泰大街9号院中粮祥云小镇0310-101
SHBS37,上海幸福里谊园,Baker & Spice,上海市,徐汇区,Office/BusinessPark,121.432299,31.168039,否,已开业,2021-07-19,上海市徐汇区 漕宝路36号2号楼101室
SHW37,上海虹桥国际机场 T1店,Wagas,上海市,长宁区,Transportation center,121.345974,31.195359,否,已开业,2023-03-26,上海市长宁区迎宾一路700号虹桥机场一号航站楼5米层国际出发禁区I110室
NJW6,南京紫悦广场,Wagas,南京市,雨花台区,Shopping Mall,118.762534,31.978608,否,已开业,2021-07-17,南京市雨花台区安德门大街36号紫悦广场F1-17号
CQW3,重庆大悦城,Wagas,重庆市,渝中区,Shopping Mall,106.571686,29.720477,否,已开业,2022-04-22,重庆市渝北区公园北路秋城大道路口L106号
SHW93,上海维璟印象城,Wagas,上海市,闵行区,Shopping Mall,121.36331,31.131455,否,已开业,2021-11-13,上海市闵行区七莘路1507号1层01-024-X1号商铺
SHW46,上海江浦路店,Wagas,上海市,杨浦区,Street-front,121.517921,31.275702,否,已开业,2018-06-26,上海市杨浦区江浦路1515号A103室
SHBS21,上海打浦桥日月光店,Baker & Spice,上海市,黄浦区,Shopping Mall,121.468066,31.20682,否,已开业,2019-02-21,上海市黄浦区徐家汇路618号1F-XJH02，1F-XJH04室
SHW31,上海中山公园龙之梦,Wagas,上海市,长宁区,Shopping Mall,121.416947,31.219309,否,已开业,2014-12-17,上海市长宁区长宁路1018号1层1051B号
BJBS12,北京金地店,Baker & Spice,北京市,朝阳区,Shopping Mall,116.474464,39.90913,否,已开业,2022-06-16,北京市朝阳区建国路91号金地广场B座一层L108-109
BJW43,北京尚东数字谷,Wagas,北京市,海淀区,Office/BusinessPark,116.289105,40.043084,否,已开业,2022-01-24,北京市海淀区东北旺西路8号42号楼地下一层104号
BJW5,北京富力广场,Wagas,北京市,朝阳区,Shopping Mall,116.460657,39.896119,否,已开业,2016-01-18,北京市朝阳区东三环中路63号富力中心1层A102内
HZW14,杭州萧山万象汇,Wagas,杭州市,萧山区,Shopping Mall,120.268878,30.181811,否,已开业,2022-12-02,浙江省杭州市萧山区北干街道金城路927号杭州萧山万象汇L171号
GZW3,广州中天购物城,Wagas,广州市,天河区,Shopping Mall,113.325452,23.142678,否,已开业,2021-01-15,广州市天河区天河北路233号首层144-145
SHW60,上海龙华绿地滨江店,Wagas,上海市,徐汇区,Shopping Mall,121.457962,31.164902,否,已开业,2019-07-08,上海徐汇区云锦路500号绿地滨江club一层1-02、1-04单元
CDW12,成都万科,Wagas,成都市,武侯区,Shopping Mall,104.061639,30.558099,否,已开业,2022-07-11,成都市高新区吉瑞二路188号1F-013商铺
SHW47,上海静安大融城店,Wagas,上海市,静安区,Shopping Mall,121.427181,31.279841,否,已开业,2018-06-29,上海市静安区沪太路1111弄1号楼静安大融城购物中心一层L101-1商铺
QDW1,青岛万象城店WA,Wagas,青岛市,市南区,Shopping Mall,120.3784,36.066786,否,已开业,2018-07-16,青岛市市南区山东路6号甲万象城LG层138号
BJW41,北京新世界,Wagas,北京市,朝阳区,Shopping Mall,116.47201,39.909504,否,已开业,2021-12-13,北京市朝阳区建国路93号北京新世界彩旋百货有限公司1层L01F117
SHW86,上海田林华鑫,Wagas,上海市,徐汇区,Office/BusinessPark,121.409911,31.169388,否,已开业,2021-04-12,上海市徐汇区田林路142号D1栋 1楼 103室
SHW49,上海人民广场来福士店,Wagas,上海市,黄浦区,Shopping Mall,121.476509,31.231895,否,已开业,2018-07-22,上海市黄浦区西藏中路268号来福士广场B1层19-20室
GZW2,广州K11店,Wagas,广州市,天河区,Shopping Mall,113.32569,23.117877,否,已开业,2021-01-30,广州市天河区珠江新城珠江东路6号广州周大福金融中心项目负一层B120号
BJBS9,北京富力城店,Baker & Spice,北京市,朝阳区,Shopping Mall,116.460622,39.895453,否,已开业,2020-01-18,北京市朝阳区东三环中路63号1层130-1室
SHW97,上海安垦,Wagas,上海市,静安区,Office/BusinessPark,121.441309,31.298636,否,已开业,2022-01-17,上海市静安区江场西路300号
SHW90,上海中环百联,Wagas,上海市,浦东新区,Shopping Mall,121.384555,31.245376,否,已开业,2022-06-29,上海市普陀区真光路1288号百联中环购物广场1层G08-1F-1-B1F084室
BJW46,京东北京1号园区店,Wagas,北京市,大兴区,Office/BusinessPark,116.562613,39.786798,否,已开业,2022-07-04,北京市科创十一街18号院1号楼京东总部1号楼1层B-1F-01、02室 
SZW20,深圳仁恒梦公园店,Wagas,深圳市,龙岗区,Shopping Mall,114.224707,22.729736,否,已开业,2023-04-28,广东省深圳市龙岗区榆龙路的仁恒梦中心项目第 LG 层 LG01 号
SHW7,上海浦东大拇指广场,Wagas,上海市,浦东新区,Shopping Mall,121.559683,31.22698,否,已开业,2007-02-25,上海市浦东新区芳甸路199弄证大大拇指广场31号
SHBS38,上海漕河泾印象城,Baker & Spice,上海市,徐汇区,Shopping Mall,121.399595,31.1618,否,已开业,2021-07-12,上海市徐汇区古美路1520号L1层07+08号
NJW2,南京金鹰新街口,Wagas,南京市,秦淮区,Shopping Mall,118.779653,32.041484,否,已开业,2017-08-03,南京市汉中路89号金鹰国际购物中心B座1层B1-010商铺
BJW24,北京东方广场店,Wagas,北京市,东城区,Shopping Mall,116.414504,39.909417,否,已开业,2019-07-07,北京市东长安街1号东方广场东方新天地PW2(16-17)号店铺
SHBS26,上海晶耀前滩店,Baker & Spice,上海市,浦东新区,Shopping Mall,121.478224,31.152924,否,已开业,2019-08-23,上海浦东新区耀体路308号一层L136店铺
BJW27,北京暖山店,Wagas,北京市,朝阳区,Shopping Mall,116.415396,40.032284,否,已开业,2019-10-27,北京市朝阳区红军营南路36号院1号楼1楼02室
SHBS22,上海光大安石中心店,Baker & Spice,上海市,杨浦区,Office/BusinessPark,121.515526,31.257338,否,已开业,2019-06-11,上海杨浦区荆州路53号光大安石中心102室A单元
SHW38,上海东亚银行,Wagas,上海市,浦东新区,Office/BusinessPark,121.502599,31.234417,否,已开业,2017-06-06,上海市浦东新区花园石桥路66号东亚银行金融大厦1层01A室
SHW50,上海汇京广场店,Wagas,上海市,徐汇区,Shopping Mall,121.423557,31.195884,否,已开业,2018-08-29,上海市徐汇区淮海西路555号汇京国际广场一层104-107单元
WHW3,武汉万象城,Wagas,武汉市,江岸区,Shopping Mall,114.278053,30.599063,否,已开业,2022-05-01,武汉市江岸区建设大道和台北路交汇处L233号
NJW7,南京河西龙湖,Wagas,南京市,建邺区,Shopping Mall,118.738082,31.987983,否,已开业,2021-12-18,南京市建邺区河西大街云龙山路交汇处河西天街 1F-34
SHW98,上海源深路,Wagas,上海市,浦东新区,Office/BusinessPark,121.532604,31.236073,否,已开业,2022-01-28,上海市浦东新区源深路355号、商城路1418号102-1B单元
SHLK10,上海大洋千树,Lokal,上海市,普陀区,Shopping Mall,121.445462,31.249195,否,已开业,2021-12-22,上海市普陀区莫干山路600号L2F-12单元
SHBS7,上海丰尚国际生活中心,Baker & Spice,上海市,闵行区,Shopping Mall,121.282655,31.20319,否,已开业,2014-02-13,上海市闵行区运乐路571号175室
SZW6,深圳湾壹号店,Wagas,深圳市,南山区,Office/BusinessPark,113.942727,22.50862,否,已开业,2018-06-13,深圳市南山区科苑路与东滨路交汇处深圳湾1号广场北区1栋101/102号商铺
SHW116,上海旭辉企业大厦 Cifi Tower WA,Wagas,上海市,普陀区,Shopping Mall,121.439149,31.239722,否,已开业,2022-10-19,上海市普陀区长寿路333号旭辉企业大厦L114-1商铺
BJW45,北京信创园,Wagas,北京市,大兴区,Office/BusinessPark,116.578646,39.786533,否,已开业,2022-07-18,北京经济技术开发区科谷一街8号院3号楼一层102-2
SHW26,上海正大乐城,Wagas,上海市,徐汇区,Shopping Mall,121.458131,31.186431,否,已开业,2013-06-28,上海市徐汇区东安路599号正大乐城1区1层102单元
SHW106,上海虹桥国际商务花园,Wagas,上海市,长宁区,Office/BusinessPark,121.351851,31.231416,否,已开业,2022-08-01,上海市长宁区临虹路168弄南区102-3室
BJW40,北京万柳店,Wagas,北京市,朝阳区,Shopping Mall,116.295152,39.973738,否,已开业,2021-07-13,北京市海淀区巴沟路2号1幢万柳华联一层F1-42
WXW1,无锡海岸城,Wagas,无锡市,滨湖区,Shopping Mall,120.303795,31.487484,否,已开业,2015-02-26,无锡市滨湖区立信大道168号海岸城购物中心1层117室
NJW9,南京喜马拉雅,Wagas,南京市,雨花台区,Shopping Mall,118.802752,31.967318,否,已开业,2022-06-25,江苏省南京市雨花台区民智路1号A栋A1-1号商铺
SHW80,上海陆家嘴投资大厦店,Wagas,上海市,浦东新区,Office/BusinessPark,121.530296,31.221898,否,已开业,2020-11-02,上海市浦东新区浦电路366号第一层103A和103B
SHW101,上海宝山新业坊,Wagas,上海市,宝山区,Office/BusinessPark,121.483807,31.318069,否,已开业,2022-02-07,上海市宝山区逸仙路1328号6号楼108A室
BJW42,北京丽泽平安,Wagas,北京市,丰台区,Office/BusinessPark,116.326736,39.866474,否,已开业,2022-03-09,北京市丰台区金泽西路2号院1号楼A1-05/A1-06/A1-07
WHW1,武汉恒隆,Wagas,武汉市,硚口区,Shopping Mall,114.273522,30.578099,否,已开业,2021-12-11,武汉市硚口区京汉大道668号武汉恒隆广场商场L106号铺位
SHBS43,上海近铁城市广场,Baker & Spice,上海市,普陀区,Shopping Mall,121.382152,31.232998,否,已开业,2021-12-31,上海市普陀区真北路818号近铁城市广场北区一楼N-F1-20商铺
GZW6,广州番禺CR8,Wagas,广州市,番禺区,Shopping Mall,113.331647,22.994588,否,已开业,2022-10-20,广东省广州市番禺区钟村街泽溪街17号102，103单元
SHW40,上海大宁国际商业广场,Wagas,上海市,静安区,Shopping Mall,121.452616,31.27415,否,已开业,2017-10-14,上海市静安区共和新路1918号大宁国际商业广场6栋101-105D单元
BJBS17,北京大族,Baker & Spice,北京市,大兴区,Shopping Mall,116.512308,39.792031,否,已开业,2023-01-19,北京市北京经济技术开发区荣华南路大族广场购物中心10号楼F1-38-2号
